Word,Count
Предлоги/союзы,3934
любви,374
любовь,311
сердце,96
счастье,81
страсти,76
меня,70
ночь,69
поцелуй,65
тебя,62
невеста,57
счастья,54
женщина,50
сердца,49
только,45
судьбы,44
жизнь,41
страсть,38
мечты,38
двоих,37
жизни,36
сборник,35
брак,35
любовью,35
жена,33
когда,33
свадьба,32
игра,32
подарок,31
ночи,30
тайна,28
сказка,27
мужчина,27
один,26
ангел,25
просто,25
сердец,25
свет,25
тобой,24
моей,24
быть,24
люблю,24
остров,24
желаний,23
навсегда,23
встреча,23
секрет,22
история,22
любить,22
девушка,22
чудо,21
если,21
рядом,21
любовная,21
любовный,21
надежды,20
желания,20
месть,20
день,20
прошлого,19
принцесса,19
твоих,19
друг,19
звезды,19
жених,19
роман,19
прекрасная,19
розы,18
замуж,18
шанс,18
ловушка,18
счастливый,18
будет,17
[си],17
солнце,17
влюбленных,17
выбор,17
возвращение,17
время,17
одна,17
друга,17
рождество,17
роза,16
огонь,16
вместе,16
чувств,16
плену,16
мечта,16
желание,16
снова,16
танец,15
всего,15
будь,15
невесты,15
первый,15
леди,15
замок,15
самый,15
никогда,15
лето,14
кольцо,14
соблазна,14
ангела,14
нашей,14
плейбоя,14
путешествие,14
однажды,14
свидание,14
сладкая,14
уроки,14
город,13
мной,13
себя,13
грезы,13
моего,13
мисс,13
пламя,13
месяц,13
судьба,12
рыцарь,12
пари,12
души,12
наследство,12
больше,12
любимой,12
двух,12
ошибка,12
женщины,12
герой,12
предложение,12
опасная,12
музыка,12
хочу,12
самая,12
аромат,11
сердцу,11
книга,11
слова,11
всегда,11
объятиях,11
любовник,11
цветок,11
вкус,11
весны,11
вопреки,11
тебе,11
вторая,11
праздник,11
дикая,11
дочь,11
миллион,11
мелодия,11
идеальная,11
мужчины,11
любовница,11
соблазн,11
нежный,11
песня,11
пока,11
ложь,10
море,10
грез,10
судьбой,10
поисках,10
счастливая,10
пара,10
весна,10
ветер,10
встречи,10
влечение,10
красавица,10
такая,10
ничего,10
завтра,10
ради,10
лишь,10
шоколад,10
звезда,10
небом,10
прошлое,10
мужа,10
дорога,10
искушение,10
королева,10
между,10
магия,10
маленькая,10
медовый,10
надежда,10
бойся,10
подари,10
скажи,10
соблазнение,10
строптивая,10
очень,9
дела,9
свою,9
глаз,9
друзья,9
городе,9
поневоле,9
судьбе,9
бывает,9
принца,9
мечтой,9
верю,9
игры,9
вновь,9
фортуны,9
сила,9
каприз,9
свое,9
горячий,9
обещание,9
семейные,9
дней,9
пленница,9
единственный,9
желанный,9
босса,9
радости,9
испытание,9
лучший,9
твоя,9
навстречу,9
найди,9
принц,9
после,9
небес,8
незнакомец,8
поверить,8
ожидании,8
обман,8
вино,8
власть,8
влюбленная,8
купидона,8
возьми,8
связь,8
венеции,8
замка,8
грани,8
обольщение,8
желанная,8
судьбу,8
талисман,8
ключ,8
чувства,8
золотой,8
любовное,8
уйти,8
последний,8
роковая,8
очаровательная,8
притяжение,8
семь,8
требуется,8
тайный,8
беглянка,7
белая,7
приз,7
враг,7
часть,7
моря,7
чувство,7
счастью,7
контракт,7
твоей,7
руках,7
любимого,7
страстей,7
власти,7
света,7
верить,7
сказки,7
любовники,7
путь,7
вечер,7
поцелуев,7
крылья,7
волшебный,7
каникулы,7
цвета,7
правда,7
дыхание,7
второй,7
найти,7
романа,7
глаза,7
голос,7
гордость,7
новеллы,7
снов,7
план,7
риск,7
сюрприз,7
любовные,7
всех,7
дерзкая,7
помолвка,7
скромница,7
семья,7
дороже,7
душа,7
награда,7
любишь,7
приключений,7
жаркие,7
клятва,7
ребенок,7
жить,7
забыть,7
сегодня,7
пустыни,7
дождь,7
одиночества,7
непокорная,7
лекарство,7
линия,7
приключение,7
через,7
объятия,7
новая,7
портрет,7
ночной,7
флирт,7
первая,7
поверь,7
поздняя,7
пробуждение,7
свадебный,7
секреты,7
слишком,7
снежная,7
тысяча,7
цена,7
озеро,6
дважды,6
бабочка,6
девочка,6
секретарша,6
блондинка,6
богиня,6
девчонка,6
никаких,6
большой,6
сестра,6
брачная,6
сделка,6
вызов,6
счастливой,6
роли,6
памяти,6
постели,6
сетях,6
мести,6
вернуть,6
себе,6
верный,6
иллюзия,6
влюбиться,6
свадьбы,6
полюбить,6
святого,6
волшебная,6
лета,6
надежд,6
сначала,6
радуги,6
скандал,6
есть,6
невесту,6
гость,6
гостья,6
давай,6
жениха,6
брака,6
двое,6
одну,6
красота,6
лихорадка,6
дневник,6
чего,6
своей,6
совершенство,6
единственная,6
жажда,6
жемчужина,6
контракту,6
женская,6
запретная,6
сейчас,6
зимняя,6
знак,6
тени,6
тайны,6
правила,6
исцеление,6
чудовище,6
сказать,6
красивая,6
поворот,6
милый,6
холостяка,6
любимый,6
наваждение,6
маленькое,6
милая,6
невинность,6
мистер,6
папа,6
краю,6
пороге,6
могу,6
невинная,6
нежная,6
ночная,6
приглашение,6
сомнения,6
моих,6
дождем,6
прости,6
свадебное,6
соблазнительная,6
сладкий,6
срочно,6
формула,6
хозяин,6
хозяйка,6
чужая,6
может,5
огне,5
нежности,5
треугольник,5
билет,5
мужчин,5
секретов,5
босс,5
потерять,5
золушки,5
перед,5
сюрпризом,5
бриллиант,5
буду,5
младшая,5
бухта,5
любовь…,5
поцелуя,5
греха,5
шейха,5
погоне,5
дождя,5
миллионера,5
этот,5
решение,5
вальс,5
вдвоем,5
великолепный,5
прямом,5
эфире,5
верь,5
серенада,5
перемен,5
париже,5
вечная,5
инстинкт,5
дело,5
фантазии,5
всем,5
водоворот,5
домой,5
волшебные,5
круиз,5
волшебство,5
птица,5
океаном,5
лучшее,5
золото,5
говори,5
случай,5
солнцем,5
вспышка,5
встретимся,5
озера,5
полет,5
партия,5
соблазнов,5
горячая,5
парень,5
красавицы,5
пути,5
рождества,5
двойная,5
двойной,5
деньги,5
джейн,5
дитя,5
закат,5
признание,5
дорогая,5
дорогой,5
врага,5
избранник,5
небо,5
женитьба,5
чары,5
отдам,5
невозможно,5
постель,5
наследница,5
свободы,5
запах,5
танго,5
здесь,5
знакомство,5
осень,5
золотая,5
золушка,5
пусть,5
интервью,5
стать,5
десерт,5
радуга,5
платье,5
прелюдия,5
летняя,5
луна,5
поединок,5
новый,5
настоящая,5
сокровище,5
условиях,5
наша,5
жениться,5
цветы,5
нежное,5
отпуск,5
обнаженная,5
навеки,5
одиночество,5
опасное,5
очарование,5
разлуки,5
отважная,5
сторону,5
шепот,5
подходящая,5
поместье,5
последняя,5
соблазнить,5
рецепт,5
рождественские,5
рождественское,5
романтическое,5
сбежавшая,5
сладкое,5
слезы,5
случайная,5
созданы,5
счастливое,5
тайная,5
улыбка,5
упрямая,5
утро,4
будем,4
стране,4
ожерелье,4
ангелы,4
падают,4
свиданий,4
пантера,4
женщину,4
вечной,4
любовных,4
блюз,4
наслаждений,4
секс,4
расчету,4
подруги,4
повесы,4
желанной,4
вспомнить,4
моим,4
букет,4
незнакомца,4
была,4
возможно,4
ощущений,4
мачо,4
чуда,4
иллюзий,4
сокровища,4
врагом,4
незнакомцем,4
искушения,4
темноте,4
звездами,4
рассказы,4
маскарад,4
надежду,4
свой,4
верность,4
зимы,4
крыльях,4
реванш,4
отношения,4
дома,4
властелин,4
жену,4
влюбленный,4
миллионер,4
времени,4
мечте,4
возлюбленная,4
роль,4
рассвет,4
воспоминания,4
самое,4
началось,4
взгляда,4
сердцем,4
всему,4
берегу,4
ветров,4
выбираю,4
выйти,4
хроники,4
главный,4
новогодняя,4
голоса,4
долина,4
сладость,4
горький,4
наяву,4
слов,4
поженимся,4
дама,4
афродиты,4
нужно,4
вызову,4
демон,4
валентина,4
дерзкое,4
недотрога,4
цветов,4
кого,4
днем,4
ночью,4
доверься,4
долгожданное,4
дочери,4
другая,4
чудес,4
правил,4
настоящий,4
любит,4
жаркая,4
свидания,4
объявлению,4
руку,4
напрокат,4
женские,4
адама,4
маски,4
жертва,4
живая,4
кукла,4
легенда,4
люби,4
жребий,4
муки,4
загадки,4
запретные,4
знаю,4
стрела,4
ключик,4
придачу,4
правилам,4
теней,4
игрушка,4
идеальный,4
избранница,4
измена,4
момент,4
одной,4
по-итальянски,4
клуб,4
снег,4
расчет,4
конец,4
королевский,4
кофе,4
крутой,4
бабочки,4
сильнее,4
купидон,4
курортный,4
плейбой,4
лишний,4
лучших,4
любимец,4
выбирает,4
ненависть,4
острове,4
сама,4
первой,4
нить,4
маленький,4
нужна,4
нужен,4
опасный,4
мост,4
половинка,4
твой,4
наследник,4
обольщения,4
сценарию,4
убежать,4
нежданная,4
отец,4
соперница,4
нежность,4
соблазнитель,4
немного,4
нечаянная,4
прогулка,4
огненный,4
человек,4
оружие,4
отель,4
развод,4
соседка,4
горечь,4
пропасть,4
острова,4
побег,4
музыку,4
подруга,4
пожар,4
поиграем,4
пора,4
рода,4
почти,4
право,4
призрак,4
прикосновение,4
притворись,4
приют,4
проделки,4
простые,4
пять,4
расплата,4
репетиция,4
рождественская,4
роковое,4
счастливые,4
препятствиями,4
сквозь,4
приходит,4
сладкие,4
случайный,4
союз,4
яблоко,4
ставка,4
страстная,4
тайные,4
твое,4
точка,4
ураган,4
укрощение,4
хрустальная,4
черный,4
элен,4
ребята,4
потом,3
права,3
айсберг,3
амазонка,3
аукцион,3
ковбой,3
белокурая,3
белый,3
берег,3
бизнес,3
прежде,3
ближе,3
богини,3
дурной,3
репутацией,3
боюсь,3
длиною,3
шампанского,3
будущее,3
наших,3
любимая,3
женой,3
счастлива,3
плейбоев,3
было,3
шагах,3
кольце,3
начало,3
любовной,3
объятий,3
рассвета,3
обмана,3
звездой,3
фантазий,3
разные,3
лучше,3
ведьма,3
заказ,3
таинство,3
венчание,3
верит,3
веришь,3
вернись,3
мелодии,3
среди,3
весь,3
вечный,3
взаимный,3
взгляд,3
лицо,3
влюбить,3
влюблен,3
марта,3
влюбленные,3
сможем,3
обрести,3
замки,3
собой,3
войди,3
война,3
поездка,3
волны,3
волшебства,3
медальон,3
оазис,3
софи,3
восход,3
луны,3
времена,3
временная,3
вчера,3
могут,3
начинается,3
интрижка,3
исправить,3
него,3
мечту,3
половина,3
второго,3
второе,3
втроем,3
вход,3
анны,3
выгодная,3
цветет,3
светской,3
романтик,3
главное,3
годы,3
горбатая,3
гора,3
горы,3
горькая,3
след,3
гроза,3
гувернантка,3
девочки,3
волю,3
красном,3
кольца,3
одно,3
одиноких,3
счастливого,3
капли,3
недели,3
общества,3
лучшего,3
деловая,3
мороз,3
деловое,3
рождения,3
тигра,3
держи,3
крепче,3
незнакомка,3
десять,3
сладких,3
дети,3
штучка,3
своего,3
дождись,3
долго,3
рейс,3
новобрачных,3
домик,3
свете,3
достойна,3
итальянца,3
драгоценный,3
дурман,3
дуэт,3
песков,3
провинции,3
трофей,3
девушки,3
туфелька,3
молли,3
победа,3
жаркое,3
ждала,3
песке,3
найму,3
капризы,3
против,3
живи,3
небе,3
гранью,3
опекун,3
забудь,3
прошлом,3
истины,3
загадочная,3
заговор,3
закон,3
песка,3
замужем,3
замужество,3
запомни,3
черт,3
зачарованный,3
ладони,3
морем,3
кружево,3
обитель,3
плохой,3
крови,3
калифорнии,3
характером,3
королевство,3
прятки,3
идиллия,3
изумрудное,3
колье,3
изумруды,3
искусство,3
исполнение,3
ошибок,3
страстью,3
истинный,3
одного,3
идеального,3
поймать,3
королевой,3
принцессой,3
прекрасна,3
укротить,3
камень,3
капитуляция,3
карусель,3
бога,3
ключи,3
коварная,3
огни,3
коктейль,3
командировка,3
сказку,3
старой,3
край,3
красавец,3
обаятельный,3
огнем,3
другу,3
лабиринт,3
гименея,3
удачи,3
лабиринты,3
ласковый,3
легенды,3
седого,3
рапсодия,3
стиле,3
лицом,3
знаменитости,3
амура,3
лунная,3
соната,3
лунный,3
лучшая,3
мире,3
лучшие,3
такой,3
папарацци,3
мозаика,3
напоказ,3
ошибке,3
прозрение,3
мираж,3
ультиматум,3
жива,3
неприятности,3
ревность,3
свобода,3
океан,3
короля,3
земле,3
соседству,3
безумие,3
птичка,3
маленькие,3
большого,3
мгновения,3
поцелуи,3
боссом,3
счастьем,3
обманешь,3
место,3
женщине,3
увлечение,3
душу,3
много,3
чемпион,3
слабая,3
мужчинам,3
муза,3
ревности,3
волнах,3
никто,3
райский,3
сказочный,3
наше,3
прощай,3
обещаний,3
отпускай,3
уходи,3
оковы,3
миллиардера,3
нежданное,3
нежданный,3
прихоть,3
шантаж,3
нектар,3
неожиданный,3
ученица,3
непреодолимое,3
неужели,3
неукротимый,3
радость,3
никому,3
своим,3
жара,3
няня,3
обещания,3
ожидания,3
обновленная,3
обрученные,3
оглянись,3
огненная,3
прекрасный,3
одинокая,3
одинокий,3
орел,3
имени,3
омут,3
операция,3
останься,3
убежишь,3
уйдешь,3
открой,3
охота,3
охотница,3
розового,3
невест,3
паруса,3
закате,3
первое,3
правило,3
печаль,3
дьявола,3
соблазнения,3
велению,3
дороге,3
победить,3
холостяк,3
стань,3
повелительница,3
повенчанные,3
пойми,3
покровом,3
спустя,3
позови,3
полнолуние,3
помоги,3
понять,3
потерянная,3
потому,3
предчувствие,3
прелестная,3
преступления,3
привычка,3
доктора,3
ужин,3
приключения,3
златовласки,3
продажу,3
святой,3
прочь,3
работа,3
радужные,3
рандеву,3
счастливым,3
рождественский,3
розыгрыш,3
роковой,3
года,3
романтический,3
старинном,3
свободный,3
сделай,3
туфельки,3
секретное,3
сердцеедка,3
серебряная,3
синее,3
тридцать,3
скандальная,3
сколько,3
слаще,3
слияние,3
снежное,3
снежный,3
спроси,3
старые,3
стихия,3
страстное,3
уик-энд,3
тепло,3
очага,3
техасская,3
третий,3
тэлкот,3
украденная,3
унесенные,3
фарфоровая,3
фейерверк,3
фиктивный,3
французский,3
цвет,3
чарующий,3
четыре,3
чудесное,3
шипы,3
школа,3
экзамен,3
забуду,3
историй,2
настоящей,2
рассказа,2
исход,2
пришла,2
ревнуешь,2
чудеса,2
техаса,2
глазами,2
английская,2
письмо,2
тёмные,2
жасмина,2
рябины,2
атака,2
баллада,2
правит,2
бегство,2
бедная,2
богатая,2
безрассудная,2
безрассудство,2
безумная,2
безумные,2
ворона,2
грешница,2
мужья,2
истина,2
бесценный,2
опыт,2
благословение,2
любимых,2
идея,2
любимые,2
близкий,2
богатство,2
покровитель,2
маленьком,2
борьба,2
босиком,2
кредит,2
неделю,2
принуждению,2
рецепту,2
по-сицилийски,2
брат,2
разводом,2
брачное,2
брачный,2
капкан,2
бриз,2
пыли,2
бриллианты,2
брызги,2
утра,2
джулия,2
новобрачной,2
букетик,2
флердоранжа,2
бунтарка,2
бывший,2
главной,2
западне,2
зеркале,2
искушений,2
конце,2
кровавой,2
обертке,2
любовном,2
ловушке,2
неге,2
новой,2
омуте,2
невинности,2
сомнений,2
жены,2
наслаждения,2
стороны,2
ритме,2
смелых,2
возлюбленного,2
жаркой,2
твоем,2
хижине,2
шоколадном,2
важное,2
вариации,2
тему,2
великое,2
великолепная,2
модель,2
свеча,2
верни,2
красоту,2
звезду,2
декабре,2
вечеринка,2
честь,2
развода,2
вечные,2
взгляни,2
небеса,2
забвения,2
одуванчиков,2
виновата,2
вихрь,2
вишня,2
запретного,2
плода,2
влюбится,2
герцогиня,2
мстительница,2
соседи,2
врозь,2
вмешательство,2
погода,2
вода,2
сыну,2
романтика,2
воздушный,2
демона,2
возможность,2
волнующая,2
палитра,2
ягода,2
преображение,2
сети,2
воля,2
воплощение,2
вопрос,2
воскресить,2
воскрешение,2
королевы,2
восхождение,2
мама,2
как-то,2
вперед,2
семьи,2
враги,2
свадебной,2
врата,2
мира,2
короли,2
вечеринки,2
алтаря,2
преграды,2
сбудется,2
делают,2
всей,2
вслед,2
вспомни,2
полночь,2
розе,2
встретиться,2
парке,2
бывшим,2
хорошо,2
можно,2
попытка,2
вулкан,2
вчерашний,2
выбери,2
клэр,2
выиграть,2
выигрыш,2
вынужденный,2
выходи,2
гавань,2
гадание,2
главная,2
глори,2
миниатюра,2
боль,2
одинокого,2
предубеждение,2
ангелов,2
лаванда,2
кровь,2
поклонница,2
госпожа,2
свадьбе,2
бархат,2
будущем,2
грехи,2
молодости,2
греховные,2
напиток,2
греческие,2
грешная,2
святая,2
грешник,2
грешные,2
мотылек,2
грязное,2
начнём,2
даже,2
думай,2
хорошие,2
чувствам,2
дамы,2
заветных,2
закрытой,2
амелии,2
победителя,2
высшего,2
важности,2
соглашение,2
старом,2
мишель,2
коварство,2
держите,2
золотое,2
властелина,2
детская,2
ищет,2
магнат,2
кошка,2
отеля,2
добрая,2
добыча,2
договоренность,2
ферро,2
догоняя,2
долг,2
долгие,2
счастливо,2
долгожданный,2
ветрах,2
тосканы,2
видом,2
сбывшихся,2
ручья,2
любимому,2
удовольствие,2
соперники,2
лалады,2
драгоценная,2
детства,2
других,2
дружба,2
дурнушка,2
дуэль,2
дышу,2
дэниел,2
забавы,2
скрипачка,2
пламенное,2
единожды,2
ответ,2
величество,2
джин,2
неотразимый,2
сбываются,2
зовут,2
зима,2
схватка,2
желая,2
невозможного,2
возмездия,2
желтые,2
жемчужная,2
тропа,2
бывшего,2
каталогу,2
понарошку,2
женись,2
приданым,2
женихи,2
слабости,2
женский,2
чемпиона,2
жестокий,2
полна,2
удалась,2
синей,2
забава,2
заблудившийся,2
заблуждение,2
забытая,2
флейты,2
забытый,2
заветная,2
заветное,2
завоевать,2
завтрак,2
загадка,2
тициано,2
многими,2
неизвестными,2
заключим,2
пансион,2
заложница,2
попытки,2
западня,2
запретный,2
плод,2
заслужить,2
доверие,2
грозой,2
полюблю,2
нимфой,2
защита,2
неба,2
звёздный,2
ждут,2
здравствуй,2
зеленоглазая,2
зеленый,2
зеркало,2
отражение,2
знаешь,2
знай,2
свыше,2
предательство,2
бутон,2
мальчик,2
мало,2
полцарства,2
реальность,2
поле,2
стоит,2
играя,2
собственную,2
идеал,2
кандидат,2
из-за,2
вулкана,2
изумрудный,2
русалки,2
красоты,2
охотника,2
идеальной,2
женщиной,2
искатель,2
искательница,2
искры,2
исповедь,2
интриганки,2
ошибку,2
испытай,2
верности,2
истинные,2
знакомства,2
снежной,2
источник,2
неги,2
итальянец,2
итальянская,2
мужчину,2
алтарю,2
каждый,2
принцесс,2
признаться,2
спасти,2
угадать,2
калейдоскоп,2
преткновения,2
камера,2
карточный,2
кастинг,2
лучшую,2
супруга,2
киншоу,2
инкогнито,2
чужой,2
клятвы,2
обольстительница,2
коварный,2
счастливы,2
распускаются,2
смятение,2
душе,2
туман,2
удача,2
козырная,2
карта,2
маргарита,2
колдовское,2
зелье,2
колокола,2
колыбельная,2
бриллиантом,2
девственницы,2
королевское,2
король,2
корона,2
монстра,2
умница,2
красиво,2
хочется,2
краски,2
красное,2
крепость,2
продолжением,2
подумать,2
найдет,2
такое,2
куда,2
курортная,2
браку,2
кусочек,2
тиран,2
хищник,2
маныча,2
легкий,2
соблазнительница,2
ледяная,2
ледяной,2
снегу,2
летний,2
примета,2
лицу,2
личная,2
личное,2
дракона,2
казановы,2
охотницы,2
логово,2
пантеры,2
спасение,2
лорд,2
пейзаж,2
женщин,2
любимица,2
любитель,2
любительница,2
обязательно,2
страшно,2
ненавижу,2
терапия,2
магната,2
перемирие,2
сафари,2
цепи,2
номер,2
спектакль,2
награду,2
винодела,2
другие,2
прочие,2
кинозвезды,2
строк,2
озере,2
обмануть,2
завещанию,2
наследству,2
прикрытием,2
разума,2
решает,2
риском,2
притяжения,2
роса,2
колдунья,2
художница,2
маркиз,2
маша,2
феликс,2
медленно,2
пустыне,2
землей,2
белой,2
удержать,2
мера,2
королевской,2
каждой,2
мечтаю,2
плутовка,2
шкатулке,2
милость,2
милые,2
мимолетное,2
миражи,2
хочет,2
суждено,2
мнимая,2
хватит,2
воспоминаний,2
граф,2
доктор,2
страстный,2
солнца,2
троих,2
реку,2
лгунья,2
любой,2
ценой,2
сильная,2
шоколадная,2
мужская,2
мужское,2
моем,2
воспрещен,2
капитана,2
едина,2
ливня,2
мщение,2
балу,2
вершине,2
волосок,2
встречу,2
зависть,2
исходе,2
звездам,2
языке,2
навек,2
завтрашнему,2
нагадай,2
белоснежки,2
надо,2
найду,2
семью,2
сказала,2
напрасные,2
нарушенное,2
обеты,2
обет,2
султана,2
рыжеволосой,2
настоящее,2
наука,2
научи,2
летать,2
грусти,2
играй,2
покидай,2
смею,2
любить…,2
спорь,2
небесная,2
птаха,2
небесные,2
небесный,2
хрустальном,2
негаснущий,2
нежеланная,2
шелк,2
глазах,2
серый,2
незабываемое,2
незабываемый,2
неземная,2
напротив,2
неистовое,2
губах,2
нелегко,2
сумасбродства,2
необыкновенная,2
неожиданное,2
красотка,2
непредсказуемая,2
непристойно,2
непристойное,2
несговорчивая,2
несладкая,2
песнь,2
неугомонная,2
бокале,2
никакой,2
натура,2
новогоднее,2
новогодний,2
ночные,2
последствиями,2
мечтает,2
обманутая,2
обольстительная,2
женской,2
обретение,2
обретенный,2
обручальное,2
обрученная,2
ветром,2
огненные,2
стрелы,2
огонек,2
давней,2
волк,2
дождливый,2
италии,2
полюбишь,2
одни,2
звезд,2
ожидание,2
лунном,2
окно,2
околдованная,2
околдованные,2
где-то,2
опаленные,2
чувственность,2
желать,2
условие,2
остановка,2
остаться,2
осторожно,2
радужных,2
подальше,2
чувству,2
провинциалка,2
отдать,2
ребенка,2
отныне,2
земли,2
грехов,2
личный,2
связи,2
джордан,2
ошибки,2
падение,2
палатка,2
парижский,2
парижское,2
партнеры,2
птицы,2
пепел,2
алтарем,2
перекресток,2
недоверия,2
песни,2
пикирующий,2
пикник,2
плата,2
пленительная,2
клетке,2
прихоти,2
риска,2
экрана,2
из-под,2
венца,2
победительница,2
повезло,2
повелитель,2
повод,2
повторный,2
погоня,2
звездным,2
близнецов,2
маской,2
парусом,2
созвездием,2
рождеству,2
соперницы,2
сильный,2
подлинное,2
подружка,2
позволь,2
пойманная,2
полночная,2
полночное,2
полуночный,2
помни,2
счастливых,2
порочная,2
автобус,2
катманду,2
поспешный,2
потанцуй,2
потерянный,2
похититель,2
смерти,2
омелой,2
сенсация,2
последствия,2
флирта,2
превратности,2
предел,2
мечтаний,2
предсказание,2
прекрасное,2
создание,2
чуду,2
свадьбу,2
приказано,2
прилежная,2
примирение,2
замке,2
телохранитель,2
приятные,2
проект,2
проклятие,2
уйди,2
удовольствия,2
прошлым,2
прыжок,2
шейхом,2
царство,2
багамах,2
пылкий,2
разбуженная,2
поцелуем,2
разве,2
женаты,2
разлучница,2
паутину,2
райская,2
раскрой,2
расставание,2
река,2
кейт,2
вслепую,2
рискнуть,2
рискованное,2
рискованный,2
родная,2
колокольчики,2
розовый,2
романтическая,2
шторм,2
рука,2
русалка,2
русалочка,2
бестия,2
рыжеволосая,2
рыжеволосый,2
любимыми,2
новым,2
годом,2
первого,2
чистого,2
листа,2
марш,2
переполох,2
светские,2
доллар,2
свободная,2
связанные,2
северное,2
сияние,2
сезон,2
успеха,2
блондинок,2
рождеством,2
семейное,2
белых,2
шагов,2
сада,2
прицелом,2
сердцеед,2
серебряные,2
серебряный,2
согласна,2
концом,2
сказочное,2
скверная,2
сладостная,2
проигрыш,2
следуй,2
чувственная,2
одиночеств,2
словно,2
случайное,2
случайные,2
знакомые,2
смелые,2
влюблена,2
саманты,2
соблазненная,2
современная,2
мадонна,2
созвездие,2
солнечная,2
сопротивление,2
спутница,2
странник,2
странный,2
страх,2
стремительный,2
строптивый,2
струны,2
сумасшедшее,2
урок,2
сыграй,2
сюрпризы,2
таинственная,2
таинственный,2
точно,2
случилось,2
талант,2
танцуй,2
танцующая,2
танцующий,2
заменит,2
тень,2
теперь,2
тихая,2
эбигейл,2
тонкая,2
грань,2
соприкосновения,2
триумф,2
трудно,2
трудное,2
убежденный,2
угадай,2
уголок,2
удавшийся,2
удачный,2
удивительный,2
узнай,2
узники,2
узница,2
узор,2
укради,2
ловеласа,2
ураганом,2
доверия,2
услуга,2
услугу,2
белое,2
утром,2
фантазия,2
фонтан,2
ранчо,2
хочешь,2
хрустальное,2
цветные,2
цветочный,2
целуй,2
ценный,2
чаша,2
черная,2
чтобы,2
чужестранка,2
шейх,2
шестая,2
шоколадный,2
грогсборник,2
шутка,2
щедрый,2
экстаз,2
эликсир,2
жираф,2
эпилог,2
версия,2
тонах,2
юлька,2
отступлю…,2
отомщу,2
прощу,2
яблочный,2
янтарное,2
2029,1
целую,1
часа,1
крыма,1
midsummers,1
nightmare,1
craving,1
beauty,1
cотворившие,1
dare,1
deus,1
flashes,1
girls,1
night,1
surrender,1
iron,1
rose,1
bleeding,1
taime,1
lying,1
loud,1
manhattan,1
merger,1
mysteria,1
alchemia,1
outcome,1
holiday,1
hoax,1
italian,1
duke’s,1
wife,1
mammoth,1
book,1
regency,1
romance,1
next,1
door,1
show,1
goes,1
ошибся,1
играешь,1
дальше,1
делать,1
случаются,1
авантюрист,1
авантюристка,1
авернское,1
карьеристка,1
австралийская,1
дикарка,1
адрес,1
адреса,1
аксиома,1
актриса,1
президент,1
алая,1
алгоритм,1
алиса,1
аллилуйя,1
женщине-цветку,1
алмазная,1
алмазные,1
россыпи,1
алтарь,1
алхимия,1
алый,1
жакет,1
американские,1
горки,1
аметистовое,1
амур-проказник,1
анаис,1
габриеля,1
дарли,1
новому,1
году,1
рекламного,1
щита,1
синими,1
является,1
ангел-хранитель,1
носят,1
рюкзаки,1
ангельские,1
глазки,1
тетушка,1
английский,1
андрей+наташа,1
андрогин…,1
аннабелла,1
анонимная,1
анонимное,1
антилия,1
апельсиновая,1
апельсиновый,1
апрельская,1
арабские,1
аргентинское,1
арена,1
аристократ,1
простушка,1
арифметика,1
гиацинтов,1
нежданной,1
сладострастия,1
этих,1
асфиксия,1
афродизиак,1
афродита,1
корал-бэй,1
ахиллесова,1
пята,1
джоша,1
прентиса,1
стекле,1
бабушкин,1
бабье,1
баловень,1
балом,1
бальтазар,1
бароны,1
баронессы,1
бегущая,1
выбора,1
координат,1
оглядки,1
пяти,1
минут,1
бездна,1
обаяния,1
безжалостная,1
безмятежное,1
безнадёжная,1
безрассудное,1
безрассудный,1
поступок,1
безумный,1
полдень,1
безумства,1
безупречный,1
вуаль,1
камелия,1
невесточка,1
фата,1
алисы,1
кокетка,1
белые,1
аризоны,1
белье,1
веревке,1
береги,1
берегись,1
берегитесь,1
бермудский,1
беру,1
попутал,1
беседа,1
вечером,1
гардероба,1
бесконечная,1
беспечный,1
беспроигрышное,1
бессердечный,1
бессмертие,1
бесстрашная,1
бесстыжая,1
бесценное,1
бесцеремонный,1
бизнес-план,1
аспирантки,1
неизвестность,1
биология,1
битва,1
благоразумная,1
благоразумные,1
вершин,1
благослови,1
блаженная,1
несвобода,1
блеск,1
блестящая,1
близкие,1
близко,1
блики,1
исторических,1
романов,1
бродяга,1
блэкмурскии,1
дьявол,1
джесс,1
кинга,1
богатый,1
плохих,1
девочек,1
офиса,1
чувственных,1
божественное,1
божественный,1
бойкая,1
большая,1
буква,1
большое,1
маленькой,1
мышки,1
мэтти,1
проигравших,1
осколкам,1
подарочной,1
упаковке,1
танцовщицы,1
беременный,1
торс,1
бразильская,1
умолчанию,1
целью,1
дознания,1
выдумка,1
браслет,1
лучшей,1
братья,1
другого,1
лотерея,1
объявление,1
уравнение,1
брачные,1
самой,1
бриллиантовое,1
морозилки,1
бросить,1
своему,1
брось,1
брошенный,1
жарко,1
самым,1
нежным,1
будущая,1
сестрёнка,1
валентином,1
спасением,1
счастлив,1
буйство,1
гардений,1
фиалок,1
нарциссов,1
бурное,1
плавание,1
бутик,1
бухгалтерия,1
аполлона,1
бывшая,1
бывших,1
былая,1
быстро,1
быстрый,1
бюро,1
добрых,1
услуг,1
акварельных,1
оттенках,1
безотчетном,1
порыве,1
богатстве,1
бедности…,1
вихре,1
голубых,1
канадских,1
водах,1
дельте,1
реки,1
сакраменто,1
добровольном,1
зеркалах,1
капкане,1
шотландцем,1
лавине,1
тропической,1
средства,1
хороши,1
треугольнике,1
медовой,1
мерцании,1
рубина,1
мечтах,1
жарких,1
объективе,1
мстительного,1
нежного,1
искусителя,1
тирана,1
огнях,1
бродвея,1
признания,1
оковах,1
запретных,1
колдовских,1
ореоле,1
храня,1
паутине,1
запретной,1
гордости,1
исцеляет,1
раны,1
удовольствий,1
памелой,1
эльфа,1
полете,1
банкиром,1
австралии,1
серебряных,1
каплях,1
жгучего,1
влечения,1
сладостном,1
уединении,1
октябре,1
ярче,1
шатре,1
бедуина,1
дворце,1
эпицентре,1
важна,1
открытие,1
вайолетт,1
винспер,1
валентинка,1
лягушки,1
#царевны,1
валентиново,1
валери,1
бабочек,1
вальсы,1
вдоль,1
радуге,1
вдохновение,1
ведется,1
строительство,1
ведьмины,1
веер,1
гейшами,1
веление,1
величие,1
жертвы,1
венец,1
безбрачия,1
венецианский,1
венецианское,1
венок,1
венский,1
венчальная,1
вера,1
вересковая,1
пустошь,1
объятья,1
удачу,1
вернуться,1
обманщик,1
расчёт,1
вероника,1
веронские,1
веселая,1
служанка,1
веселое,1
заведение,1
весенние,1
весенний,1
драйв,1
весенняя,1
севилье,1
обманет,1
вестник,1
вестница,1
ветка,1
омелы,1
вето,1
переулке,1
выпускников,1
отличница,1
школе,1
арабских,1
танцев,1
взаимная,1
взаимное,1
интерес,1
взбалмошная,1
ястреба,1
взлети,1
мною,1
взмахом,1
кисти,1
взрослая,1
взрослые,1
взять,1
видения,1
шарп,1
виза,1
берутся,1
бабушки,1
викинг-незнакомец,1
виктория,1
легезав,1
стотысячный,1
раз…,1
вилла,1
веры,1
виновник,1
винтервуд,1
виражи,1
виртуальные,1
витамины,1
шоколаде,1
яблока,1
владычица,1
властелины,1
стихий,1
властный,1
веснушек,1
непокорным,1
влюбись,1
легко,1
верен,1
дополнительная,1
глава,1
недруги,1
робинзон,1
самурай,1
сказочник,1
влюбленными,1
вместо,1
провидения,1
конкуренции,1
внезапная,1
пылкость,1
внезапно,1
внезапный,1
любима,1
наваждения,1
стало,1
повесть,1
водолаз,1
уваров,1
водопад,1
водопады,1
возврата,1
бэлль-эмбер,1
гринвуд,1
хаус,1
прошлому,1
линфорд,1
непокорного,1
падшего,1
флоран,1
возвращенная,1
возвращенное,1
воздушные,1
магараджи,1
возмездие,1
возмутитель,1
спокойствия,1
возраст,1
возроди,1
возрожденное,1
карнавал,1
воинствующая,1
феминистка,1
святилище,1
войти,1
вокзал,1
киноповесть,1
вокруг,1
огня,1
иголка,1
палочка,1
волшебное,1
кони,1
мирримы,1
очки,1
перемены,1
вольная,1
воплощенная,1
разуму,1
воскресшая,1
воспитание,1
восторг,1
обретения,1
восточная,1
восточные,1
восхитительная,1
восьмое,1
впервые,1
впереди,1
арки,1
вредная,1
меняются,1
выбирают,1
временно,1
выбирать,1
откровений,1
властно,1
ждет,1
врунишка,1
вручаю,1
кепке,1
лучшему,1
флоренции,1
наши,1
по-честному,1
позади,1
равно,1
снегурочки,1
силой,1
несчастьям,1
назло,1
всеми,1
цветами,1
виной,1
всесилие,1
простить,1
пламени,1
встреси,1
залива,1
аркой,1
расписания,1
детством,1
принцем,1
земляничного,1
дерева,1
мыса,1
встречас,1
прощания,1
напролет,1
джеки,1
вернётся,1
изменила,1
наоборот,1
позволено,1
получится,1
серьёзно,1
пары,1
шанса,1
ричарда,1
сеймура,1
сделан,1
выбрать,1
покупка,1
выгодный,1
ланселоту,1
нынче,1
рыцари,1
страха,1
упрека,1
выигравший,1
получает,1
выигранное,1
выпускной,1
выстраданное,1
высшая,1
выход,1
тупика,1
вьющиеся,1
відлуння,1
любові,1
чоловіки,1
гавайская,1
чайной,1
гуще,1
гадкий,1
утенок,1
гармония,1
искать,1
прячется,1
омела,1
геометрия,1
банальный,1
героиня,1
герой-романтик,1
герцог-сердцеед,1
гимн,1
гирлянды,1
диван,1
главные,1
глоток,1
обжигающей,1
глубокая,1
глубокий,1
шрам,1
глупое,1
говорят,1
голливудская,1
головная,1
рассудка,1
голубоглазый,1
голубые,1
холмы,1
синтры,1
гони,1
гордая,1
гордые,1
одинокие,1
гордый,1
гори,1
горная,1
блаженства,1
гороскоп,1
услада,1
холодной,1
блондинки,1
горячие,1
генеральша,1
сочинительница,1
гостиница,1
глории,1
лорримор,1
готовить,1
умею,1
гранатовый,1
грандиозный,1
гранит,1
графская,1
новогодней,1
елки,1
греховная,1
утехи,1
греховный,1
греческая,1
музы,1
островского,1
громкое,1
тихих,1
грот,1
посейдона,1
грустный,1
закажем,1
хеппи-энд,1
рискнем,1
влюбляться,1
дайан,1
левинг,1
далекая,1
далёкая,1
близкая,1
лодке,1
плаща,1
кинжала,1
исцеления,1
капризной,1
предвидения,1
дарованная,1
дарящая,1
дачный,1
билета,1
делится,1
полюса,1
пылких,1
английском,1
скандала,1
спутника,1
марии,1
условия,1
царевича,1
милане,1
кристины,1
николь,1
мамы,1
непрожитые,1
параллельные,1
половинки,1
помолвки,1
чаши,1
весов,1
элеоноры,1
двенадцатый,1
двенадцать,1
дверь,1
оставлять,1
тихой,1
гавани,1
собака,1
джулии,1
дворец,1
девичьи,1
амальфи,1
полосатом,1
шарфе,1
красной,1
книги,1
палас-сити,1
рима,1
универмага,1
голубкой,1
татуировкой,1
тюльпанами,1
девятая,1
девятый,1
дежурный,1
декабрьская,1
оттепель,1
особой,1
деловой,1
сбывшейся,1
[как,1
кино],1
дергать,1
востро,1
поменять,1
затея,1
советница,1
дерзкие,1
дерзкий,1
обольститель,1
дерзость,1
порок,1
ванюшина,1
шахразады,1
детка,1
байкера-медведялп,1
дефиле,1
револьвером,1
гамбургскому,1
счету,1
джеральдина,1
джокер,1
джорджия,1
дивный,1
дульсинея,1
необузданная,1
маргаритка,1
дикий,1
дипломат,1
грома,1
лагуны,1
звучал,1
вивальди,1
актрисы,1
симоны,1
дневники,1
стюардессы,1
бельведер,1
тобой…,1
хороша,1
добиться,1
традиция,1
доброе,1
добьюсь,1
доверенность,1
догадайся,1
доказательство,1
долгая,1
раздумья,1
долгожданная,1
совращение,1
интриг,1
семи,1
холмах,1
незнакомцев,1
русалочьего,1
побережье,1
страну,1
гейдж,1
бриллиантов,1
наград,1
золота,1
досадная,1
доставь,1
достойные,1
достойный,1
достучаться,1
досье,1
любовника,1
дотянись,1
навь,1
клодины,1
лебедя,1
старого,1
титана,1
древо,1
познания,1
дресс-код,1
донн,1
дружеский,1
дуновение,1
характер,1
кейти,1
духи,1
прекрасной,1
плоть,1
душенька,1
душой,1
телом…,1
дядюшка,1
дядюшкино,1
египетская,1
влюбленное,1
высочество,1
единение,1
отвергнув,1
солгавшая,1
единорог,1
единственное,1
валентинов,1
загадочный,1
звали,1
защитник,1
пятый,1
горячее,1
приснилась,1
светят,1
елена,1
знал,1
подойдет,1
поймет,1
вернется,1
поверь…,1
упадет,1
неотразим,1
впору,1
полюбишь…,1
полюблю…,1
марсе,1
бессонная,1
странствий,1
капакабаны,1
холодного,1
неделя,1
бразильские,1
девяти,1
дубах,1
оазисе,1
жаркий,1
жгучая,1
сицилийца,1
мучитель,1
страстного,1
перчатки,1
жемчуг,1
падуи,1
гарема,1
карибов,1
нагрузку,1
медведя,1
политика,1
садовника,1
пенни,1
случаи,1
замену,1
сутки,1
способов,1
отделаться,1
наследства,1
почтовому,1
жена-незнакомка,1
скорую,1
тигрице,1
расписку,1
уайлдера,1
века,1
словах,1
жених-бизнесмен,1
жених-незнакомец,1
брэнсона,1
логика,1
решимость,1
солидарность,1
сущность,1
хитрость,1
шуточки,1
шарм,1
женское,1
воображения,1
вкусе,1
отца,1
солнечной,1
улыбкой,1
фотографии,1
женщина-вамп,1
сброшены,1
женщина-врач,1
женщина-загадка,1
жернова,1
азарта,1
жертвоприношение,1
жестокие,1
сладка,1
теннис,1
меняется,1
загадок,1
неожиданностей,1
жили-были,1
житейское,1
настоящим,1
брошен,1
журавль,1
осеннем,1
возможного,1
цинизма,1
денежкой,1
дверью,1
мгновение,1
рамками,1
приличия,1
птицей,1
твою,1
жизнь-2,1
забавная,1
забери,1
забияка,1
заблудившиеся,1
заботливый,1
забудем,1
улыбайся,1
забыв,1
забытое,1
забытые,1
обиды,1
заветные,1
заветный,1
завещание,1
особыми,1
условиями,1
завидный,1
завоевание,1
твердыни,1
лауру,1
завоюй,1
наступит,1
загадай,1
кассандры,1
рэйчел,1
задание,1
проигравшего,1
задача,1
заклинание,1
заколдованная,1
заколдованный,1
круг,1
законная,1
закрытый,1
залив,1
заманчивое,1
наказание,1
заманчивый,1
заменить,1
гранаде,1
единорога,1
рекой,1
пилигрима,1
давнего,1
негодяем,1
неизвестным,1
беатрис,1
кэролайн,1
занавес,1
поднимается,1
заново,1
влюблены,1
заоблачные,1
высоты,1
обжигает,1
запасная,1
запасной,1
вариант,1
лаванды,1
лунника,1
сандала,1
записки,1
русалочки,1
заповедник,1
запоздалое,1
губы,1
запредельный,1
накал,1
запретам,1
запретное,1
зараза,1
заслуженный,1
засранец,1
застенчивая,1
застенчивый,1
поклонник,1
застигнутые,1
затихающие,1
крики,1
захочу,1
зачарованное,1
зачем,1
зачетный,1
шантажа,1
защото,1
обичам,1
темном,1
звездная,1
звездное,1
сошлись,1
бали,1
звенящее,1
звонкое,1
звонок,1
франции,1
звуки,1
звёздная,1
звёздное,1
кутюр,1
чаровница,1
зеленоглазый,1
меган,1
земные,1
зеркальное,1
зигзаги,1
зимние,1
зимний,1
злачное,1
местечко,1
злодей,1
злюка,1
знамения,1
зной,1
знойная,1
знойное,1
минувшего,1
одинокой,1
венеция,1
дюка,1
золотоискательница,1
барабан,1
урожай,1
золотые,1
далласа,1
горе,1
все-таки,1
всё-таки,1
подскажет…,1
жили,1
впридачу,1
сожалений,1
уступила,1
шиповник,1
весна…,1
кошки-мышки,1
супружество,1
всерьез,1
навылет,1
по-шотландски,1
словами,1
свеч,1
играем,1
карты,1
играющая,1
дафна,1
джесси,1
игрушки,1
кавалеров,1
поцелуями,1
фиктивная,1
оксфорде,1
идеальные,1
милой,1
фрэнси,1
избавься,1
гордыни,1
избранные,1
извержение,1
извилистые,1
тропы,1
изгнание,1
изгнанник,1
испытания,1
раян,1
излеченные,1
излечи,1
накануне,1
венчания,1
измени,1
измены,1
изобретательница,1
динамита,1
оригиналка,1
изумруд,1
офелии,1
сан-франциско,1
груди,1
полёта,1
суждена,1
именем,1
империя,1
иногда,1
кажется,1
инопланетянка,1
вампиром,1
закрывайте,1
окна,1
интимные,1
инфицированные,1
ираидин,1
ирония,1
исключительный,1
искупление,1
искусная,1
нарушать,1
притворства,1
маркиза,1
испанские,1
испанский,1
испанское,1
исправление,1
возбуждением,1
разлукой,1
испытательный,1
срок,1
мотивы,1
джентльмен,1
прессы,1
незаконченной,1
дружбы,1
восхитительной,1
прощением,1
элегия,1
итальянский,1
благословила,1
соединила,1
прекрасного,1
телохранителя,1
йольское,1
другим,1
женихом,1
чему,1
лишние,1
каждому,1
кай-ло-рен,1
кино,1
сказке,1
кино[день,1
валентина],1
воды,1
надежде,1
молчало,1
гарри,1
заставить,1
молчать,1
вулкане,1
костра,1
подсказало,1
покоряют,1
помочь,1
папе,1
прикажете,1
приучить,1
разбиваются,1
рождается,1
сбежать,1
американкой,1
попала,1
сердцеедку,1
родилась,1
сюрпризов,1
камелии,1
камиллы,1
провокация,1
мотор,1
камертон,1
кандейс,1
монако,1
капелька,1
брачную,1
капризная,1
караоке,1
хмельная,1
карезглазка,1
карерасы,1
карибское,1
каркас,1
воздушного,1
карма,1
святое,1
карьера,1
каскадер,1
золушку,1
любовницу,1
кафе,1
мимоза,1
качели,1
кембриджский,1
затворник,1
кийя,1
солнечного,1
киногерой,1
розалинды,1
погладить,1
кипарисовая,1
аллея,1
клад,1
классика,1
жанра,1
служебный,1
классовый,1
клеопатра,1
графства,1
дербишир,1
клетка,1
открытой,1
дверцей,1
климат,1
клонированная,1
голливудских,1
девчонок,1
калифорния,1
настоящих,1
клубника,1
клубок,1
клумба,1
разгадке,1
твоему,1
твоего,1
двери,1
жаркого,1
соблазнителя,1
уловка,1
замысел,1
ковбой-искуситель,1
ковер,1
ковчег,1
гаснут,1
молчат,1
догорает,1
закончится,1
зацветёт,1
жасмин,1
летят,1
были,1
наступает,1
падает,1
подводит,1
позовет,1
сгорают,1
торжествует,1
рассеется,1
умирает,1
пустыня,1
увижу,1
навестит,1
выбрала,1
барби,1
колдовская,1
блаженство,1
колдовство,1
колесница,1
колесо,1
колечко,1
палец,1
колибри,1
коллекция,1
колыбель,1
вайвики,1
ноэль,1
изабеллы,1
наследника,1
пальце,1
копенгаген,1
шотландию,1
комедия,1
комната,1
компаньонка,1
комфорт,1
предусмотрен,1
вражды,1
контрольный,1
конфликт,1
интересов,1
концерт,1
кораблик,1
королевская,1
королевские,1
аметисты,1
пурпур,1
ложе,1
размер,1
имеет,1
значение,1
эспады,1
пленницы,1
коронованная,1
короткая,1
короткий,1
коррида,1
корсиканский,1
гамбит,1
космос,1
костер,1
коттедж,1
жимолость,1
коханка,1
кошечка,1
ягуар,1
бокала,1
ученая,1
эдинбурге,1
красивый,1
красная,1
красный,1
веский,1
аргумент,1
крем-брюле,1
крепкий,1
орешек,1
крест,1
кровать,1
кровные,1
кроткая,1
крошка,1
круги,1
кружева,1
кружение,1
кружится,1
обрыв,1
техасец,1
крутые,1
берега,1
крылатые,1
заставит,1
биться,1
играет,1
предположить,1
попался,1
мышеловку,1
прав,1
падал,1
уходит,1
кузина-самозванка,1
качелях,1
кукушка,1
кульминация,1
выходит,1
куплю,1
дорого,1
кьяра,1
императора,1
кэти,1
лоуренс,1
лавина,1
лазурная,1
лагуна,1
лазурный,1
лакомый,1
ласкающий,1
волке,1
человеке-олене,1
легкая,1
легкокрылый,1
легкомысленная,1
комплексов,1
полицейский,1
миссалонги,1
маскарада,1
леди-служанка,1
дева,1
леонора,1
леопард,1
[сборник],1
альбаросе,1
ампир,1
лжешь,1
лили,1
лилиан,1
лилипосвящение,1
лиловая,1
подводная,1
лодка,1
лимон,1
тихони,1
элис,1
одолжение,1
пространство,1
знают,1
ловец,1
дикого,1
супермена,1
ложная,1
ложные,1
благо,1
лоно,1
каридес,1
лоренс,1
лоренцо,1
лоскутное,1
одеяло,1
лотерейный,1
9672,1
лукавый,1
островом,1
дорожка,1
лунное,1
лунные,1
средство,1
простуды,1
миров,1
нью-йорка,1
зыбучие,1
пески,1
скажешь,1
вечно,1
любила,1
любимая…,1
публики,1
учителя,1
вещи,1
любит…,1
авантюр,1
сложно,1
головоломка,1
горячка,1
мишень,1
неразбериха,1
пытка,1
рулетка,1
модного,1
каталога,1
переписке,1
греческого,1
собственного,1
озарение,1
вираж,1
квадрат,1
марафон,1
маршрут,1
девять,1
пасьянс,1
привет,1
ямайки,1
экспромт,1
препятствия,1
бесценна,1
викторианском,1
виноградниках,1
кадре,1
люксембурге,1
формате,1
плюс,1
вернулась,1
прощает,1
государственной,1
даст,1
двухлетней,1
выдержки,1
кадром,1
лекарства,1
глупости,1
исключается,1
чудовищу,1
романе,1
коварству,1
выживание,1
женевском,1
кондоров,1
изумрудном,1
рифе,1
рейне,1
мельнице,1
утином,1
сдается,1
непостижима,1
нечаянно,1
нагрянет,1
онлайн,1
пахнет,1
лавандой,1
интернету,1
плану,1
подсказке,1
расписанию,1
учебнику,1
психологии,1
по-техасски,1
побеждает,1
луной,1
женат,1
работе,1
пополам,1
простит,1
аукциона,1
итальянским,1
акцентом,1
привкусом,1
экстримом,1
солдата,1
девы,1
подножия,1
трона,1
упрямцев,1
эшли,1
азартная,1
серьезно,1
лёгкие,1
шаги,1
лётная,1
магическая,1
магические,1
статуэтки,1
остролиста,1
майорка,1
маккензи,1
маковая,1
макс,1
максимальный,1
интригантка,1
ручка,1
сводни,1
штата,1
кофейное,1
ночное,1
малышка,1
отдела,1
дешевых,1
товаров,1
мамочка,1
мария,1
петровна,1
сорренто,1
маска,1
мастер,1
мастер-класс,1
виртуальных,1
маятник,1
бирюзой,1
медная,1
медовые,1
гарантий,1
медсестра,1
райминстера,1
врагов,1
гордостью,1
огней,1
ванильный,1
нами,1
ненавистью,1
мезальянс,1
мейер,1
городская,1
мелкая,1
знаменитость,1
мелодрама,1
по-голливудски,1
мельница,1
лугу,1
менестрель,1
бренда,1
приговорили,1
хранит,1
мереживо,1
людських,1
доль,1
коула,1
камерона,1
росселлини,1
тореадора,1
цезаря,1
спальне,1
метаморфозы,1
метель,1
каждого,1
оливии,1
голливуде,1
мокко,1
милее,1
миленький,1
миллиардер-холостяк,1
беглянку,1
лжецы,1
пустяки,1
мимолетная,1
минуя,1
тысячи,1
преград,1
андах,1
мегаполиса,1
миром,1
библиотекарша,1
благоразумие,1
фортуна,1
миссия,1
выжить,1
хранящий,1
тело,1
безупречность,1
все-будет-по-моему,1
писатель,1
мишка,1
сестренка,1
прожить,1
любопытно,1
многообещающее,1
многоточие,1
кутюрье,1
модельер,1
модельерша,1
зеленоглазое,1
небесное,1
печальное,1
бюсси,1
люблю…,1
капитан,1
негодяй,1
звездочет,1
фото…,1
несбыточный,1
возлюбленный,1
молния,1
молодожены,1
молодость,1
долголетие,1
фэн-шуй,1
молчаливая,1
молчаливые,1
гринвуда,1
молчаливый,1
профессор,1
мольба,1
чуде,1
монетка,1
монополия,1
монс,1
дейвсон,1
монте,1
верита,1
крыла,1
зимородка,1
мороженое,1
морское,1
морской,1
длиной,1
голубка,1
искренняя,1
китайская,1
распутница,1
праву,1
мстительный,1
счет,1
срочному,1
обаяние,1
изъянов,1
кода,1
доступа,1
слабостей,1
привилегиями,1
ариэль,1
кровь…,1
плоть…,1
тропического,1
музыкальная,1
шкатулка,1
мурочка,1
чертовом,1
катались,1
колесе,1
нашли,1
расстанемся,1
покорим,1
бурю,1
увидимся,1
мышка,1
мышь,1
нефтяника,1
грёз,1
весах,1
волшебном,1
парусах,1
оставшуюся,1
жизнь…,1
острых,1
гребне,1
купишь,1
другом,1
богам,1
миру,1
инстинктах,1
крутом,1
вираже,1
крючке,1
планете,1
дождливо,1
первую,1
полосу,1
полпути,1
помощь,1
пределе,1
венцу,1
рассвете,1
расстоянии,1
ромашке,1
гадай,1
съемках,1
новом,1
орлеане,1
хрена,1
козе,1
баян,1
четырех,1
способна,1
чужом,1
празднике,1
любимым,1
наверстать,1
упущенное,1
ветрам,1
наглый,1
папоротник,1
города,1
надежная,1
опора,1
надежное,1
плечо,1
надежные,1
мужские,1
надеюсь,1
наедине,1
назвать,1
назовем,1
анной,1
назови,1
половинку,1
удержу,1
алла,1
костыль,1
наконец-то,1
помогла,1
наперекор,1
напомни,1
опасения,1
упреки,1
нареченный,1
нарисованное,1
нарочно,1
придумаешь,1
нарушая,1
нарушенные,1
нарушенный,1
нарушим,1
запреты,1
разлучит,1
наслаждение,1
крэнфорда,1
горячих,1
ключей,1
ведьмы,1
куинн,1
насмешка,1
насмешница,1
настойчивый,1
поттер,1
полковник,1
натали,1
слабее,1
научить,1
тайнам,1
научный,1
подход,1
проблеме,1
начал,1
начни,1
нью-йорк,1
бросай,1
торопить,1
силах,1
десантник,1
заметить,1
играйте,1
изменяй,1
оправданий,1
звал,1
маньяком,1
мешайте,1
по-другому,1
называй,1
афродитой,1
обязан,1
оглядывайся,1
назад,1
оставляй,1
руки,1
отпущу,1
отрекайся,1
противься,1
прячься,1
пытайся,1
скрыть,1
размениваясь,1
мелочам,1
скрывая,1
смейся,1
смогу,1
сможешь,1
отказаться,1
сомневайся,1
спеши,1
страшись,1
строй,1
сходи,1
теряй,1
торопись,1
сжигать,1
мосты,1
убегай,1
увянут,1
ускользай,1
ведьмой,1
слышать,1
неблагодарный…,1
алмазах,1
австралийские,1
ладонях,1
небольшое,1
брата,1
башмачке,1
графа,1
плохого,1
парня,1
пару,1
доставкой,1
темного,1
невеста-девственница,1
невеста-невольница,1
невеста-самозванка,1
невзгодам,1
мошенница,1
обманщица,1
невинное,1
невольница,1
невыносимый,1
логан,1
негасимое,1
негламурная,1
недоверчивые,1
недоверчивый,1
недоступная,1
недоступный,1
нежданно-негаданно,1
нежна,1
завист,1
эльзаса,1
нежные,1
осени,1
незабудка,1
незабываемые,1
шафером,1
независимая,1
незадачливый,1
ухажер,1
незаконный,1
незаконченная,1
фреска,1
незаконченное,1
незапланированное,1
незваный,1
севера,1
незнакомый,1
незримая,1
неизбежное,1
неизбежный,1
неизведанные,1
неизведанный,1
неизменный,1
неисправимый,1
неистовый,1
некрасивая,1
нелегкая,1
нелегкий,1
нелегкое,1
нелепая,1
ситуация,1
совершенства,1
помешает,1
ненастоящая,1
ненастоящий,1
кавалер,1
необдуманное,1
необыкновенный,1
необычная,1
необычный,1
визит,1
неоконченный,1
неосторожный,1
неотразимая,1
люси,1
непобедимая,1
неповторимая,1
неподдельная,1
неподражаемая,1
неподсудная,1
неподходящая,1
неподходящее,1
девственница,1
непорочность,1
непослушная,1
непохожая,1
неправильная,1
пейдж,1
непредсказуемый,1
неприкаянная,1
непримиримые,1
неприрученное,1
неприступная,1
эммелина,1
непроницаемая,1
непростой,1
непрошенный,1
неразлучные,1
неразрывные,1
несерьезные\xa0намерения,1
несколько,1
каннах,1
несмолкаемая,1
неспящие,1
чикаго,1
несравненная,1
джейнис,1
важнее,1
прекраснее,1
нетерпеливый,1
нетронутая,1
неприрученная,1
неугасимое,1
джози,1
неудержимое,1
неузнанная,1
неукротимая,1
неукротимое,1
ловелас,1
неуловимое,1
неуловимый,1
неуместное,1
неумолимый,1
нефрит,1
джунглей,1
нефритовый,1
нечего,1
терять,1
неясные,1
минуты,1
покоя,1
ниагара,1
обязательств,1
магии,1
романтики,1
выйду,1
покину,1
сдавайся,1
уступай,1
доверяй,1
уступлю,1
нимфа,1
ниоле,1
кроме,1
личного,1
обещай,1
галатея,1
кларк,1
новобрачная,1
диагноз,1
волка-одиночки,1
новое,1
амплуа,1
новости,1
глазамси,1
гостинице,1
вкуса,1
воровка,1
шедевр,1
безумной,1
безумств,1
дерзких,1
открытий,1
востоке,1
манхэттеном,1
наполнена,1
полной,1
поющих,1
птиц,1
красавицей,1
светла,1
мудренее,1
нью-йоркская,1
нянька,1
следует,1
грустит,1
пьеро,1
любую,1
погоду,1
самом,1
главном,1
тиранах,1
деспот,1
обгоняя,1
кристоса,1
обжигающая,1
обжигающее,1
обжигающие,1
ласки,1
обиду,1
смывают,1
кровью,1
облепиховый,1
обманем,1
обмани,1
обманувшие,1
бикини,1
обманутые,1
обманчивая,1
внешность,1
обманывая,1
обнаженные,1
обними,1
обойдемся,1
джойс,1
саванна,1
маске,1
обольстительный,1
обольстить,1
недотрогу,1
журналиста,1
джонс,1
образец,1
логики,1
образцовый,1
обратная,1
сторона,1
обратный,1
свободу,1
обретая,1
обретенное,1
обреченные,1
обречены,1
обручение,1
объяснение,1
обыкновенное,1
обычная,1
ласкает,1
огонёк,1
рубашке,1
одержать,1
победу,1
одержимые,1
одержимый,1
ветреной,1
одетая,1
многих,1
одному,1
один-единственный,1
одиннадцать,1
толпе,1
бернардо,1
одинокое,1
америка,1
вселенной,1
амстердаме,1
нашем,1
летом,1
лас-вегасе,1
повезет,1
приедет,1
разлюблю,1
целом,1
недостаточно,1
породы,1
однолюбка,1
однолюбы,1
одолевая,1
франчески,1
ожившая,1
статуя,1
ожившее,1
ожидаю,1
озаренные,1
светом,1
озарившая,1
мглу,1
озорной,1
ловеласом,1
снами,1
окольные,1
окрыленные,1
окутанная,1
женится,1
другой,1
непредсказуема…,1
скорость,1
написала,1
танцевала,1
опаленная,1
опали,1
опаловая,1
подвеска,1
опальная,1
опаляющая,1
близость,1
компания,1
притягательность,1
опасно,1
опасности,1
опасные,1
экстремальных,1
опозоренная,1
опрометчивое,1
опрометчивый,1
оптимистический,1
финал,1
опытный,1
опьяненная,1
опьяненные,1
зноем,1
оседлавший,1
осенняя,1
осмелилась,1
основной,1
особенная,1
особое,1
оставим,1
оставь,1
останемся,1
друзьями,1
осторожней,1
желаниями,1
везения,1
нашего,1
цветущих,1
апельсинов,1
островитянка,1
островок,1
острота,1
острые,1
ощущения,1
осуществить,1
защиты,1
ненависти,1
отбрось,1
отвага,1
дестини,1
защитница,1
ответная,1
отдых,1
бермудах,1
затерянный,1
разбитых,1
договору,1
отец-холостяк,1
отказать,1
мистеру,1
откройте,1
отличное,1
отложенная,1
отмени,1
вовеки,1
отомсти,1
отомстить,1
оторва,1
запретов,1
отпразднуем,1
отпущение,1
отразись,1
отрекаюсь,1
отрубить,1
голову,1
дракону,1
отрываясь,1
отчаяние,1
отчаянная,1
отчаянный,1
офисный,1
официантка,1
наследницу,1
охотник,1
охотники,1
сокровищами,1
удачей,1
мужьями,1
охранник,1
юности,1
очарованная,1
легендой,1
очаровательна,1
должница,1
замарашка,1
злючка,1
очаровательное,1
очаровательный,1
притворщик,1
ассистент,1
помощник,1
тесные,1
очередная,1
олигарха,1
норы,1
юной,1
избежать,1
ошибочка,1
вышла,1
павлин,1
павлиний,1
падающая,1
хорошей,1
палисандровый,1
память,1
парад,1
парадоксы,1
пароль,1
знойному,1
свиданию,1
парус,1
голубой,1
встречная,1
первобытный,1
привилегия,1
эдисона,1
встречный,1
переведи,1
перевоспитать,1
охламона,1
пережить,1
переиграй,1
перекрестки,1
перелом,1
перемирия,1
переплетение,1
судеб,1
перечеркнуть,1
перешагни,1
перешагнув,1
персей,1
саманта,1
персидская,1
персональный,1
перспективный,1
дождей,1
облаками,1
жаворонка,1
песчаный,1
лотос,1
печали,1
печать,1
пешка,1
пикантное,1
окончен,1
плакучая,1
пламенная,1
цель,1
свечи,1
похищения,1
ревнуют,1
мейпл,1
плененная,1
пленительное,1
воспоминание,1
плоды,1
конфликта,1
плохая,1
плохие,1
плут,1
пляж,1
пляжное,1
чтиво,1
воле,1
рока,1
волнам,1
выбору,1
долгу,1
закону,1
зову,1
кругу,1
мосту,1
тропинке,1
кровати,1
полуночи,1
по-прежнему,1
клетки,1
схватке,1
побежденное,1
побежденный,1
наверное,1
повелеваю,1
долины,1
тьмы,1
повенчаны,1
поверженная,1
глазам,1
повеса,1
пуэрто-бануса,1
встреч,1
повторение,1
повторим,1
нашу,1
поговорим,1
радугой,1
погружение,1
защитой,1
трепетного,1
знаком,1
золотым,1
водопадом,1
испанским,1
крылом,1
лазурным,1
лондонским,1
дождём,1
клеопатры,1
парижа,1
ривьеры,1
торопи,1
светлых,1
чувственности,1
снегом,1
медведицы,1
южного,1
креста,1
угрозой,1
жантажа,1
океана,1
сердец…,1
подарки,1
богов,1
александры,1
санта-клауса,1
сахары,1
подвенечное,1
подвыпившие,1
подкова,1
подлинная,1
подлинно,1
подмени,1
подмоченная,1
репутация,1
подняться,1
подожди,1
тринадцать,1
техас,1
поездом,1
позабудь,1
поздние,1
поздний,1
поздравляем,1
познание,1
поиски,1
пойдем,1
поймай,1
пойманный,1
призрака,1
бьется,1
живу,1
нужны,1
поздно,1
звезды…,1
спала,1
покажи,1
покаянный,1
канон,1
жертвенница,1
покоренная,1
покоренный,1
дикарь,1
покоритель,1
стрижа,1
полмира,1
полная,1
полночный,1
положение,1
обязывает,1
положи,1
елку,1
полуночная,1
полшага,1
полюби,1
полёт,1
хорошем,1
случаю,1
понедельники,1
пообещай,1
попробуй,1
попутчики,1
попутчицы,1
платить,1
счетам,1
снять,1
цветения,1
порог,1
слабость,1
порочный,1
намек,1
порт,1
истории,1
дженни,1
посланец,1
долгой,1
свадьбы…,1
шторма,1
послевкусие,1
мэллори,1
царя,1
соломона,1
послушная,1
посмотри,1
пособие,1
поспешай,1
торопясь,1
поспешное,1
посредница,1
посылка,1
потаенные,1
похитительница,1
алмазов,1
похить,1
похищение,1
похищенная,1
похожая,1
поцелованный,1
поцеловать,1
луне,1
беседке,1
лимонной,1
роще,1
облаках,1
ветра,1
забытой,1
поклонницы,1
кареглазой,1
лесли,1
невидимки,1
рыцаря,1
вкусом,1
водопада,1
сдалась,1
почувствуй,1
поэзия,1
пояс,1
целомудрия,1
правдивый,1
лжец,1
растет,1
подмосковном,1
лесу,1
дерево,1
сближения,1
правильный,1
сказочной,1
нечаянной,1
преданно,1
верно,1
преданное,1
предвкушая,1
предлагаю,1
предначертанная,1
предрассветный,1
гадалки,1
представь,1
предчувствия,1
знойного,1
расстаться,1
преимущества,1
синего,1
чулка,1
преимущество,1
прекрасен…,1
недоступен,1
опасна,1
дэнис,1
каролина,1
мексиканка,1
наездница,1
наставница,1
натурщица,1
папиросница,1
смутьянка,1
прелестное,1
прелесть,1
лунной,1
очарованию,1
препоны,1
прерванная,1
алчность,1
преступная,1
прибой,1
разводиться,1
ссориться,1
пригласите,1
праздничный,1
приглашенная,1
приговор,1
приговорен,1
приговоренный,1
невиновен,1
придуманная,1
монте-карло,1
миранды,1
остается,1
призывающий,1
нежной,1
красоте,1
огню,1
прикоснуться,1
звезде,1
приманка,1
примерь,1
высоком,1
феи-крестной,1
мотоцикле,1
принц-бунтовщик,1
принц-холостяк,1
гламура,1
дракон,1
медведь,1
садовник,1
выходные,1
собачкой,1
снежного,1
прислушайся,1
мужем,1
парнем,1
богача,1
причуда,1
принцессы,1
приюти,1
мелочи,1
приятный,1
любофф,1
трём,1
апельсинам,1
медведей,1
соседей,1
проблемы,1
пробный,1
отличная,1
узнать,1
получше,1
оборотня,1
приснись,1
проверка,1
провидица,1
прогони,1
продается,1
невестой,1
продажная,1
проданная,1
малышки,1
рози,1
продлить,1
таёжного,1
проигранное,1
проказы,1
гамбрелли,1
радзивиллов,1
пролог,1
пропавшее,1
пропавший,1
пропуск,1
проснись,1
простая,1
прощайся,1
простите,1
друг…,1
неотразима,1
ответь,1
сделать,1
воли,1
протяни,1
профессиональная,1
процент,1
близко[си],1
нельзя,1
прошлые,1
прощание,1
прощаю,1
бездну,1
пряный,1
должна,1
птицелов,1
пурпурное,1
пустой,1
говорят…,1
путеводная,1
путем,1
португалию,1
холостяком,1
спасению,1
пылающая,1
пылающее,1
пылкая,1
пылкие,1
испанец,1
пылкое,1
пьеса,1
пьянящая,1
пятая,1
некроманта,1
золотых,1
колец,1
причин,1
улыбнуться,1
слагаемых,1
часов,1
возлюбленной,1
ошибками,1
распределению,1
рагнар,1
джульетта,1
карьеры,1
грусть,1
грозы,1
радужный,1
разборчивый,1
разбуди,1
зверя,1
разбудить,1
развеянные,1
состоялся,1
по-новозеландски,1
разгадай,1
разговор,1
разлукам,1
разорвать,1
разреши,1
шалаше,1
тропическом,1
опьяняющих,1
район,1
замком,1
кошкодевочкой,1
раненая,1
раненое,1
рапунцель,1
раскаленная,1
раскаленное,1
раскрепощение,1
расписание,1
расправить,1
распродажа,1
женихов,1
распутник,1
распятое,1
темзой,1
расскажи,1
финалом,1
расставания,1
рассудку,1
рассыпала,1
растаять,1
растопи,1
растопив,1
растопить,1
ледяное,1
растоптанная,1
расторгнутая,1
расцветающая,1
расчетам,1
расширяя,1
джейка,1
джека,1
риордана,1
ребро,1
ребусы,1
ревнивая,1
ревнивый,1
редкая,1
резюме,1
сердцеедки,1
рейчел,1
малыш,1
реклама,1
двигатель,1
лакмусовая,1
бумажка,1
ретро,1
парацельса,1
неправильной,1
решать,1
росс,1
риголетто,1
римское,1
рини,1
россель,1
хорошее,1
рискни,1
выиграй,1
предприятие,1
рискованные,1
рискуй,1
ритмы,1
робкое,1
робот,1
рождение,1
авроры,1
рожденный,1
быль,1
поезд,1
куинов,1
обручальном,1
дамаска,1
терний,1
розабелла,1
розовая,1
шубка,1
алмаз,1
роуз,1
рокировка,1
авантюра,1
романтические,1
шпионаж,1
романтичное,1
романы,1
рорк,1
роскошная,1
скромность,1
россия,1
карашо,1
руке,1
руками,1
трогать,1
руководство,1
помолвке,1
пруду,1
винсема,1
черном,1
русский,1
рыбацкое,1
рыжая,1
искусительница,1
рыжее,1
солнышко,1
крестьянском,1
главную,1
адамом,1
красавцем,1
видом\xa0,1
отметишь,1
рождество…,1
расставайтесь,1
раставайтесь,1
шутят,1
одиночеством,1
играют,1
хоть,1
чужим,1
ребенком,1
сага,1
князе,1
гривальде,1
нерастраченной,1
персефоны,1
сады,1
сальса,1
безмятежная,1
везучая,1
длинная,1
неслучайная,1
сексуальная,1
журналистка,1
само,1
сокровенное,1
самшитовый,1
самые,1
серьезный,1
сандрильона,1
городищ,1
сапфировая,1
сатаки,1
сатисфакция,1
сахар,1
перец,1
сближение,1
планет,1
рассказов,1
сбывшаяся,1
сбывшиеся,1
сбывшийся,1
бланманже,1
меню,1
свадебные,1
хлопоты,1
царстве,1
декстера,1
льюиса,1
колдуньи,1
взломом,1
эмбер,1
свежесть,1
сверкающие,1
былой,1
твоём,1
окне,1
тьма,1
океане,1
воде,1
любящего,1
очей,1
утренней,1
светлая,1
светлы,1
свето,1
мраке,1
манеры,1
скандалы,1
подоконнике,1
ангелом,1
тенью,1
свободные,1
сводная,1
гнездышко,1
своевременное,1
своенравная,1
мелани,1
собственный,1
клятвой,1
связующая,1
святость,1
сгореть,1
дотла,1
сдержать,1
буги,1
седьмая,1
заповедь,1
испытаний,1
улыбки,1
найтли,1
парфюмера,1
потерянной,1
свадебного,1
платья,1
секретарши,1
скарабея,1
журналистки,1
удачного,1
секретарша-девственница,1
валентино,1
секретный,1
габриэллы,1
оазиса,1
более,1
по-венгерски,1
сельская,1
сельские,1
ценности,1
семейный,1
семнадцатое,1
декабря,1
семнадцать,1
сорок,1
семья…,1
сентиментальная,1
сеньор,1
сердечные,1
сердечный,1
договор,1
сердитая,1
сеньорита,1
пятерых,1
небесах,1
героя,1
данте,1
должно,1
замками,1
ирландца,1
ковбоя,1
метели,1
кону,1
разлуку,1
забудет,1
лжет,1
просит,1
странника,1
продолжается,1
опыта,1
стажем,1
прикажешь,1
серебристый,1
заря,1
дельфин,1
звон,1
воробышек,1
серьёзные,1
природы,1
обстоятельств,1
слабый,1
симфония,1
синеглазая,1
касси,1
синие,1
синий,1
синица,1
сиреневая,1
сирены,1
жаждут,1
сиротка,1
сицилийский,1
ревнивец,1
сияющий,1
сказание,1
нисе,1
волка,1
взрослых,1
девушек,1
принце,1
сказочная,1
сказочные,1
скамейка,1
скандальные,1
скандальный,1
склеить,1
осколков…,1
скрепим,1
скрытые,1
слабое,1
сильного,1
славная,1
горошинка,1
льдинка,1
роке,1
кальвоса,1
неволя,1
плен,1
утешение,1
сладостное,1
сладостный,1
сладчайший,1
грех,1
вина,1
слегка,1
помолвлены,1
следующая,1
изменника,1
слепая,1
сливки,1
бурный,1
красив,1
богат,1
личные,1
похожие,1
океанов,1
сложная,1
сломанная,1
батской,1
случайно,1
злой,1
случайностей,1
случайность,1
слушай,1
смайлик,1
наездники,1
сметая,1
барьеры,1
смешно,1
боли,1
смеющаяся,1
смысл,1
смятые,1
простыни,1
середине,1
июля,1
снега,1
колорадо,1
снегопад,1
курорте,1
снежные,1
элейны,1
лауры,1
невинной,1
голливудскому,1
дубля,1
соблазни,1
канады,1
цветочница,1
соблазняй,1
властвуй,1
соблазнённая,1
совершенная,1
советую,1
современные,1
согласие,1
согрей,1
соединяя,1
он-лайн,1
неверности,1
создать,1
сокровенные,1
стоунбери,1
стоунберри,1
солги,1
солдат,1
солнечные,1
солнечный,1
зайчик,1
капле,1
росы,1
взойдет,1
завтрашнего,1
соло,1
соловьиная,1
соль,1
заснеженном,1
саду,1
сопровождая,1
алисию,1
бесполезно,1
сорвиголова,1
сосновый,1
сотворение,1
сотки,1
карабас,1
сочини,1
любящих,1
спасай,1
спасая,1
спасенная,1
спасенные,1
спаси,1
спасительная,1
спелое,1
список,1
ханны,1
сплошные,1
спой,1
спорим,1
спрятанная,1
спящая,1
анжель,1
сраженные,1
лихорадкой,1
песчаных,1
холмов,1
средиземноморский,1
фаворита,1
ставки,1
собою,1
старинный,1
кулон,1
старомодная,1
счеты,1
стеклянная,1
орхидея,1
стеклянные,1
стихо-дневник,1
вёрст,1
реке,1
столичная,1
столкновение,1
побережья,1
странное,1
страстные,1
призыв,1
запретом,1
сжигает,1
забытья,1
страшная,1
поток,1
стриптиз,1
секретарь,1
стукач,1
сувенир,1
судьба-гадалка,1
судьба-укротительница,1
прикосновенье,1
сумасбродная,1
англичанка,1
сумасбродный,1
сумасшедший,1
сумерки,1
супергерой,1
миллиардерши,1
сима,1
супружеские,1
обязанности,1
суровый,1
сусід,1
сходил,1
грибами,1
сцена,1
находка,1
джуди,1
недоразумение,1
счастливчик,1
шотландии,1
случайности,1
вторник,1
несчастный,1
араминты,1
аманды-джейн,1
проекте,1
дины,1
колби,1
мимолетно,1
от-кутюр,1
ходит,1
сърцебиене,1
сыграем,1
молодоженов,1
прерий,1
сюжет,1
прописке,1
таблетка,1
таинственное,1
приятель,1
богатой,1
наследницы,1
брачной,1
джеммы,1
верекера,1
заснеженного,1
королевства,1
ключа,1
слоновой,1
кости,1
мэриэл,1
портрета,1
ожерелья,1
пандоры,1
подружки,1
бриллианта,1
островитянки,1
сюзанны,1
тайное,1
тайной,1
окруженная,1
задумано,1
угодно,1
разная,1
такие,1
такова,1
такого,1
желанный…,1
знакомый,1
танцуют,1
одиночку,1
лилий,1
фиса,1
мотылька,1
танцующие,1
танцуя,1
своем,1
татуировка,1
тварец,1
культуры,1
понравится,1
темная,1
туманность,1
темница,1
темный,1
озером,1
синеглазка,1
терзания,1
терпеть,1
надеяться,1
терпкий,1
теряя,1
тест,1
тихий,1
кембридже…,1
стану,1
ненавидишь,1
восемь,1
знает,1
скажи…,1
томление,1
торадора,1
тост,1
кэри,1
гранта,1
кипения,1
невозврата,1
традиции,1
семейства,1
санчес,1
средних,1
требуй,1
требуются,1
родители,1
трезвый,1
трепет,1
трепетное,1
третьего,1
дано,1
вечных,1
грации,1
дара,1
1995,1
1996,1
десятка,1
месяца,1
угла,1
шага,1
тропинка,1
солнцу,1
тропическая,1
тропический,1
тропическое,1
тропою,1
дерзкой,1
скромницы,1
трудная,1
сильной,1
болотах,1
турбулентность,1
звездной,1
монти,1
спаситель,1
будешь,1
рядом…,1
выбираешь,1
должен,1
красива,1
дразнишь,1
ничей,1
озарила,1
поверишь,1
глупец,1
станешь,1
cолнце,1
совет,1
свечей,1
обманчивое,1
сходство,1
тяжкие,1
соблазны,1
добавки,1
просят,1
входа,1
истоков,1
свои,1
законы,1
твои,1
соперниц,1
подножья,1
эдельвейса,1
выхода,1
убегая,1
холостях,1
убежим,1
уберегиновогодняя,1
уберечь,1
убивая,1
увлекательная,1
новичка,1
удачная,1
удивительное,1
вчетвером,1
волчьего,1
логова,1
узоры,1
украденный,1
укротитель,1
укротительница,1
мустанга,1
укрощен,1
собственному,1
желанию,1
бонус,1
укрощенная,1
укус,1
змейки,1
кармен,1
элли,1
улыбнись,1
безрассудной,1
кристин,1
университетские,1
упавшая,1
упоение,1
упоительные,1
гонщица,1
упрямый,1
рафаэль,1
папы,1
кулинарии,1
музыки,1
самообороны,1
сватовства,1
ускользающее,1
ускользающий,1
эвелин,1
услышь,1
успей,1
устать,1
устоять,1
устрицы,1
утешительный,1
утоли,1
утраченное,1
утренний,1
нормандии,1
иначе,1
уходя,1
учитель,1
учиться,1
ушла,1
вернулась…,1
фактор,1
лауре,1
фантазёрка,1
куколка,1
фарфоровое,1
фатальное,1
феерия,1
феникс,1
фетиш,1
домашнего,1
голливуда,1
сластей,1
санта,1
мамбо,1
фола,1
флиртуй,1
форпост,1
фотография,1
обложки,1
фотомодель,1
фотосессия,1
джунглях,1
французская,1
псевдоним,1
фрейд,1
харизма,1
кейда,1
хейер,1
хенкинс,1
камилла,1
хитрости,1
хлоя,1
габриэль,1
фалькон`з,1
райского,1
вдохновения,1
кофейни,1
эллиот-мэнора,1
холодная,1
уловки,1
холодное,1
холодный,1
августе,1
хорошая,1
валяются,1
хочу…,1
храм,1
хранительница,1
пламенного,1
династии,1
риинер,1
хрупкий,1
хрупкое,1
хрусталь,1
хрустальный,1
художник,1
мамзель,1
хэштег,1
диких,1
цветение,1
бусы,1
камне,1
скале,1
папортника,1
цветочная,1
цветочные,1
часы,1
цветущая,1
целитель,1
целительная,1
целительный,1
эффект,1
нежно,1
целуя,1
коварства,1
груз,1
цепь,1
измен,1
цунами,1
неумолимой,1
цыганская,1
цыпленок,1
полотенце,1
чардым,1
чарующая,1
старинного,1
частная,1
частное,1
расследование,1
частный,1
знали,1
сделаешь,1
ждешь,1
хотят,1
держись,1
разбиванию,1
тернии,1
шестнадцать,1
анастасии,1
сельма,1
черное,1
виноград,1
первопричина,1
безумия,1
честная,1
четвертый,1
чистый,1
готовит,1
нравится,1
произошло,1
вегасе,1
скрывает,1
вегасе…,1
женщина…,1
вновь…,1
причинить,1
заточении,1
минус,1
изгнанником,1
чувственное,1
чувственный,1
чувствительная,1
особа,1
разум…,1
чудачка,1
возможны,1
превращение,1
снадобье,1
психопат,1
чужое,1
чулок,1
ножки,1
чёрное,1
шалости,1
шалость,1
шалунья,1
салтильо,1
шальная,1
шальные,1
изменить,1
переписать,1
оттенком,1
шафер,1
свадебная,1
пери,1
шелест,1
нежных,1
шелковая,1
шелковый,1
шестое,1
шесть,1
шикарная,1
шляпка,1
небольшой,1
шпион,1
доме,1
дельта,1
венеры,1
шутки,1
экзотический,1
экзотическое,1
экранные,1
эксперт,1
части,1
сборника,1
случайной,1
экстремальная,1
электронные,1
письма,1
элизабет,1
дьюк,1
несносная,1
луиза,1
ваша,1
несерьезно,1
похоже,1
волшебник,1
несносный,1
лука,1
этюд,1
золотистых,1
этюды,1
алых,1
эфир,1
прошлых,1
времен,1
ювелирная,1
южная,1
юная,1
хорошим,1
отцом,1
помню,1
вижу,1
насквозь,1
дождусь,1
ждал,1
капри,1
научу,1
играю,1
тебя…,1
одинока,1
собираюсь,1
ничья,1
ничья…,1
остаюсь,1
подарю,1
призываю,1
прилечу,1
сведу,1
слышу,1
тишину,1
таких,1
встречала,1
танцую,1
забыла,1
обижу,1
подожду,1
покупаю,1
придумала,1
тоже,1
раздора,1
яблоня,1
пирог,1
ягодка,1
язык,1
ярмарка,1
яростное,1
ёлка,1
