0,1
внешнеполитических,303
моей,286
хорошем,254
"""Трактат",238
(том,194
официальные,160
Гвинеи,151
гитлеровцев,149
Охотничий,145
"""Рестораны",133
Красная,130
народові:,112
"""Поиски",106
ранняя,106
Запретная,105
Трубецкой,101
Курляндии.,96
Вавилон,93
ведьмовство,93
Конфуций,93
Ордена,86
90-е,84
Леонтьевском,82
Забутий,74
Психология,71
"""Письма",67
(Мальтийский,67
Благословенный,66
"""Книга",65
ответ,62
султанат,60
Государственная,56
Подъем,56
кинематографической,55
Кутан,54
Генеральный,53
Геополитические,51
Царство,51
конца,50
Боевые,48
оппонентам,48
коса,46
Американо-английских,45
ревзаповеднике,45
Туран,44
жизни,43
страны,43
міфи,43
Дойл,43
Цзэдун,42
Константин,41
комедии,41
пахарь,40
лекции,40
Откровенные,40
Освобождение,39
зверя,38
история:,38
государствами,38
страна,38
Могила,38
Беларусь.,38
царським,37
Курляндского,37
война-2,37
князя,36
Мухаммеда.,36
«Лейбштандарт,34
Берию,33
Домашний,32
(сокращенный,31
Гитлер.,30
1920–1940,30
названия,29
хором,29
масонська,29
разрушитель?,29
сторона,28
«ига».,28
сценарий,28
Николаевич,27
государства,26
НКВД,26
козацької,26
Взгляды,25
Спогади,25
мировая:,25
княжества,25
"""История",25
Брендана,25
ведет,25
полацкай,25
денег,24
Дело,24
ХМЕЛЬНИЦКАГО,24
Мадонна,24
(темпы,24
Регентша,24
1940-1942,24
пиар,24
НАТО,23
(СССР,23
"""Ружья",23
авторе,22
Карфаген,22
Тихвинское,22
Швеция,22
Евразии.,21
книжек,21
Милюков,21
государственной,21
представлении,21
продолжается,20
сочинениях.,20
Дворянин,20
материал,20
блицкриг,20
белого,20
(1919–1925,20
мировой!,19
національна,19
воцарение,19
Ораторы,19
(Сушкина),19
Путину,19
Наполеона.,18
дрозда,18
матросы,18
?,18
Жаркое,18
бездны,18
лесу,18
Революции,18
Книги,18
Королевская,18
Місцеві,18
Слияние,18
Петербурга.,18
Кёнигсберга,18
сочинений,18
Ужасы,18
ОУН-УПА,17
Даниила,17
3.,17
боя.,17
Казна,17
Кресси,17
Планирование,17
Хари,17
главных,17
Секрет,17
IV,16
Античности,16
Рима:,16
Госдачи,16
Двор,16
миссии,16
Идеальный,16
"""Измена",16
Княжения,16
массовые,16
Спецслужбы,16
Главлита,16
скрытая,16
Только,16
"""Штурмы",16
Общество,15
во,15
Ричарда,15
УЧОРА,15
Говорят,15
Голубые,15
Маннергейм,15
редакция),15
Документы.,15
справедливости.,15
упадка.,15
"""Капитализм",15
нашей,15
Общий,15
погибали,15
Фифти-фифти,15
«царя,15
Экономическая,15
Т.3.,14
Дневник,14
Золотая,14
пригородах,14
чести,14
Кулачество,14
хода,14
Накануне,14
наверх,14
крейсере,14
Бернса,14
Сморгони,14
Хазарское,14
Ошибка,14
Меншикова,14
Иран,14
Сказание,14
палатке,14
Петроград,13
ветхо–,13
же,13
Дочь,13
Замечательные,13
Грозного.,13
Петербурга,13
Ксаврика,13
Украинской,13
Башкирии,13
петербургской,13
Кратчайшая,13
почва,13
призрак.,13
Леонардо,13
захватывающие,13
«Советский,13
колыбели,13
монастыря,13
красных:,13
(Останнiй,12
Штефана,12
Маршал,12
(Через,12
Арабские,12
(Май),12
унтер-офицера,12
Консервативный,12
Монсегюра.,12
землю,12
империи»,12
Балканы,12
еврейская,12
дуры,12
открыт,12
«Трест».,12
глаз,12
Процесс-38,12
ВЕКЕ,12
верой,12
большем,12
греко-персидских,12
св,12
I.,11
Военно-воздушные,11
Октябрьской,11
военно-морских,11
Высшее,11
робинзоны,11
БЕСОВ,11
Гитлер-победитель.,11
Глаз,11
IX,11
Еврейское,11
партизани,11
просеки»,11
Монгольской,11
права,11
варягов,11
маленькой,11
Церквей,11
политическая,11
«Вэнгард»,11
Настольная,11
Остров,11
было?,11
английским,11
СМЕРШ.,11
третьей,11
прошлое,10
Ассирийская,10
министерстве,10
творения,10
военного,10
Гиппократ,10
смысл,10
Дорогами,10
соратники,10
крестьян,10
колективізація,10
октябрь,10
естествознания,10
пришел,10
Европе.,10
убил,10
Людмила,10
заре,10
пустыни,10
"""""ОСТ""""",10
государственности.,10
креста.,10
надежды.,10
Востокѣ,10
Столетняя,10
Счастливица,10
гуманитарное,10
(Из,10
шпионы,10
въ,10
Мышецких,10
дом,10
регионы,10
матросом,10
Ирландии,9
ДАВИДА,9
Беловежской,9
править,9
завоевания,9
1938–1968,9
персами.,9
Мировой.,9
стереотипов.,9
аэродромах,9
спецслужбы,9
штаб,9
бунтующее,9
Загадки,9
Зверь,9
Из жизни императрицы,9
нравах,9
Пепел,9
1645–1676 гг,9
нож,9
Подвиг,9
Ложь,9
1941-1944,9
парусниках,9
лиц,9
Страшная,9
львами,9
"""Пегая",9
Харис,9
Неизвращенная,9
Пушка,9
воинские,9
Святители,9
нации:,9
vs,9
Рюрик:,9
Хрущевская,9
Чия,9
Шамиль,9
кричали:,9
Щепка,9
украинского,8
Донбасс.,8
Дарданеллы,8
советского,8
Союза,8
1918:,8
предков»,8
"""Греческая",8
картографии,8
загадок,8
Берии,8
Запад,8
Ярославичей,8
Еретики,8
прошлого,8
"""Израиль",8
ГРУ.,8
самих,8
Исламская,8
отечественной,8
античном,8
вв.:,8
ядерных,8
Светлана,8
Киевской,8
Куда,8
документов,8
Дунае:,8
побоище,8
планетное,8
"""Осетины",8
Америке,8
мафии,8
'Кобра',8
Ричард,8
братоубийственной,8
китайской,8
переделанными,8
СОЦИАЛЬНОЕ,8
СС-инструмент,8
"""Украина:",8
Ходи,8
эксплуатации,8
ниву,8
"""Я",8
накануне,7
привидения,7
Британские,7
3),7
самой,7
Тибета,7
Верные,7
Симеона,7
Во,7
античного,7
(Кино,7
свою,7
предавал,7
Гитлеровская,7
Отечества,7
Пятого,7
Джокер,7
царской,7
Дума,7
Сталину,7
Звездный,7
1918-1948(Книга,7
правило,7
причины,7
канал,7
Изяслав-скиталец,7
Императоры,7
Между,7
прячутся,7
линкоры,7
власти?,7
Крымское,7
Оппозиционер.,7
Линейные,7
Математическая,7
разночтенияхк,7
квартала,7
1942),7
профессора,7
мастеров,7
Приметы,7
одной,7
Федор,7
января,7
Шотландия,7
походы,7
землепроходцы,7
Секретный,7
государство-преступник.,7
бойне.,7
Биробиджан,7
Каганович,7
берегов,7
Окружном,7
(теория,7
(березень,7
КБ:,7
ЧАО,7
мамлюки,7
Большом,7
Мюллер.,7
"""Эскадренные",7
сидение,6
Альтернативный,6
войны:,6
эпохи,6
пилоты,6
Кто,6
Атлантиды,6
Атомоход,6
начнется,6
Беглые,6
от,6
Бунт,6
1914-1917,6
пророки,6
Кемет,6
П,6
пехоту...,6
поражения,6
Пишегрю,6
пленума,6
1944,6
несгибаемая,6
1932-1933,6
Гомеровские,6
некоторых,6
Горький,6
политика,6
(об,6
Двойной,6
Деяния,6
Бітвау,6
Диверсанты,6
Акулисского,6
Дни,6
Евангелие,6
ИССЛЕДОВАНИЯ),6
«Золотой,6
софистов,6
мамонтов,6
походе,6
флигель-адъютанта,6
прошлого:,6
Византийской,6
независимость.,6
Кореи:,6
(La,6
репрессий,6
1054-1228,6
38-й,6
Казачья,6
Украины-Руси,6
бизнесе,6
Московия,6
Египте,6
Корсар,6
социализма,6
заговора,6
Латино-Иерусалимское,6
нем,6
распутник,6
Мастера,6
большевиков»,6
невольники,6
Над,6
средство,6
1932,6
Национализм,6
націоналістичний,6
отечества,6
1917–2017.,6
Лондона,6
январь,6
Охотники,6
Параллельная,6
Пассажиры,6
Пауза,6
Переселенцы,6
Петербургские,6
(1879–1919),6
назначения,6
разом.,6
Святого,6
Пророк,6
смертных,6
прожлое.,6
Пятая,6
Тюркского,6
он,6
Распадающаяся,6
подарок,6
казачество.,6
(Отдел,6
Света,6
Святославичи,6
1872(алфавитка,6
бедствия,6
другие,6
Сечи,6
танковые,6
чудо,6
1929-1933,6
"""Стальной",6
Адмиралтейский,6
повседневности,6
бомбы,6
Тихий,6
Троянская,6
Победа,6
бульдог,6
Утро,6
Фальшивая,6
Сверхоружие,6
ним.,6
Союз.,6
Х,6
Хищники,6
мусульманских,6
Хронология,6
"""Цари-полководцы.",6
"""Царица",6
трапезы,6
Лошадь,6
Ярослав,6
А,5
Л.,5
времен,5
Хроніки,5
Черного,5
Римские,5
за,5
наше,5
Безумная,5
звезды-2.,5
войска,5
Романовых,5
гражданской,5
злато,5
клады,5
утраченного,5
мастера,5
(1941-1991,5
дней,5
«Черный,5
К,5
крестьян-толстовцев.,5
академике,5
«Развилки»,5
"""Где",5
светлейший,5
Годуновы.,5
Годы,5
"""Голландская",5
Минеральных,5
Хода,5
специального,5
Мали),5
Бастилии,5
мушкетера,5
Ленинградские,5
противника,5
УССР,5
Пуатье,5
Длинная,5
Дневники,5
(Отрывки),5
Пора,5
Києва,5
Досуги,5
СОБЫТИЯ.,5
ига.,5
Еврейский,5
Египтяне.,5
Живая,5
приключения,5
Андрея,5
потомство,5
Кусковой,5
здоровьем,5
2-е,5
воздушному,5
Интеллектуалы,5
Информационная,5
Исконно,5
"историографии""",5
характер,5
седьмой,5
Царствование,5
Бахши,5
времени.,5
Амурской,5
XV.,5
царствования,5
последующей,5
1-5),5
Французской,5
архипелага,5
хотели,5
Запрограммированное,5
возникли,5
выходят,5
Католическая,5
предал,5
марш-марш,5
крупной,5
Ставка.,5
Яике,5
руководством,5
основа,5
Катастрофа,5
Немецкая,5
вычитано!),5
Беларусь,5
1917–1923,5
Организация,5
Маруся,5
настает…,5
Меж,5
сооружения,5
Многоликая,5
Подмосковья,5
Монголо–татары,5
«Русский,5
Мэри,5
Венеция,5
1917-1921,5
Неизвестное,5
солдаты.,5
ТАСС,5
Одиноко,5
прокурора,5
вождями,5
Тарутино,5
Открытое,5
сверхдержава.,5
комплексы,5
Персия,5
Первый.,5
Погибель,5
рыцарских,5
Раскол,5
меценаты,5
головы.,5
хронологи,5
Свет,5
империя:,5
страда,5
1700-1709,5
ум,5
государстве,5
Вундед-Ни,5
Суперсенсации,5
Шелкового,5
«Моссад»,5
крестового,5
атамана,5
русинів.,5
солдата,5
кошек,5
пресмыкается,5
система,5
(1939-1945,5
Фавориты,5
фаворитки,5
новая,5
Царьградский,5
Чайковский,5
происходит,5
Штатный,5
Штурм,5
Эпизод,5
"""Юлий",5
Александр,4
гардемарина,4
Алексеевы,4
Израиль,4
Амур-батюшка.,4
Грозного,4
Руси,4
I-II,4
Армія,4
Воинственные,4
Курбского,4
Чернобог:,4
нация,4
творческий,4
июль,4
Римом,4
борьбы,4
Тайные,4
краю,4
мирных,4
Века,4
князья,4
Венеты.,4
наших,4
Секс,4
(Преображение,4
Советского,4
Перуна,4
Вежливые,4
линии,4
правил,4
мир,4
Роз:,4
трона,4
корпуса,4
(фрагменты),4
отце,4
1916,4
тонкое!,4
былин,4
"""Всемирная",4
страницы,4
"""Вчера",4
армия.,4
нами,4
праотец,4
флота,4
полюса,4
Начало,4
дорогами,4
скитаний:,4
Поволжья,4
Горбачев,4
генералов),4
февральская,4
правду,4
воины,4
Чехии),4
Слов’яно-Руська,4
Дайте,4
"""Два",4
просветители,4
Новгорода,4
конфликтом,4
террора),4
"""Диктатура",4
1945,4
Долгоносики,4
"""Друиды.",4
Европа,4
Единственный,4
Величество,4
британскую,4
сталинского,4
Петровна,4
власти.,4
легендой,4
"""Женское",4
берегу,4
хоромы,4
Жильбер,4
союза,4
Журнал,4
Дилетант,4
марахода,4
колония,4
первая:,4
брама,4
амазонок,4
падает,4
Баторий:,4
ОБМЕНА,4
Извлечения,4
китайская,4
родной,4
созидатель,4
неизбежность?,4
Афанасий,4
Историю,4
Опыт,4
Дальнего,4
Европа.,4
зоология,4
Османской,4
(1923–1953).,4
занимательных,4
18.,4
Иоанновны.,4
22.,4
1228-1389,4
1814,4
заговор.,4
закрытости,4
Д.М.,4
затеяли,4
стал,4
Судебно-медицинская,4
Москве,4
Какого,4
древняя,4
вечернем,4
право».,4
життя,4
Деткин,4
(Курс,4
"1922)""",4
Кремлёвские,4
Крестом,4
сили,4
Тунис,4
стоял,4
такие,4
такой,4
Лбищенская,4
Президентам,4
Лекции,4
Монс,4
Мак-Куин,4
малых,4
Полная,4
Менжинский,4
Мечь,4
1886-1917,4
Миссия,4
“геройке”,4
Мог,4
Чингисхан,4
состояние,4
улицах,4
Муссолини,4
матрос,4
(Битва,4
домыслов,4
коллаборационизм,4
выстрел,4
1917–1921,4
Константина,4
райских,4
МАТЕРИАЛИСТИЧЕСКОГО,4
учреждений,4
Балаклавы,4
Перстень,4
энергостанция,4
расколе,4
"""""Барбаросса"""".",4
века),4
всех!»,4
Полезнее,4
связь,4
картины,4
март,4
генерал,4
План,4
военачальников,4
премьер-министра,4
Робинзон,4
XV–XVI,4
РОМАН,4
Азии.,4
Стратегия,4
япония,4
процесса.,4
Африка,4
—1917,4
становления,4
Рюрик?,4
вере,4
воспоминаниях,4
койне,4
имен»),4
Литвы.,4
семисотлетие,4
Волгой.,4
штаба.,4
Сибирская,4
Сказания,4
Титанах,4
СМЕРШ,4
Хонда,4
XIV-XVII,4
ЗНАЧЕНИЕ,4
про,4
Экспансия,4
Суд,4
независимость,4
вселенной,4
крае,4
Теории,4
моря.,4
Товарищи,4
Тамплиеров,4
Триумф,4
МАШИНОСТРОЕНИЯ),4
Турция.,4
Доме,4
Убийцы,4
Богдана,4
Павло,4
формування,4
рассказывают,4
него,4
владений,4
идеальный,4
Факел,4
ФЕНОМЕН,4
"""Феномен",4
Финикийские,4
линию,4
князья.,4
Строитель,4
Хунны,4
охота,4
(1918-1945,4
секта,4
года?(с,4
Шпионские,4
11-15),4
механизм,4
Академик,3
республиканец,3
Трагедия,3
Рождение,3
Павлович,3
Алексей,3
Алтайская,3
Американцы,3
фашизма,3
средневековье,3
1189–1199.,3
коалиция,3
века.,3
Царя,3
(на,3
Арабески,3
Арабы,3
истории.,3
Византии,3
Арийский,3
императорского,3
без,3
русской,3
Архив,3
Атлантическая,3
Атлантический,3
Русь,3
мысли,3
АХМАТОВО,3
правди,3
Бабье,3
Бедствующая,3
Безгетьмання,3
№...,3
Беллинсгаузен,3
Пограничья,3
реванша.,3
белогвардейцев,3
преступлении,3
Бесшумный,3
теории,3
Космическое,3
Большая,3
Куракин,3
народу,3
Воспоминания,3
корабли,3
Японии.,3
Будда,3
"""Будь",3
Бурная,3
гибели,3
Быстроногий,3
дебрях,3
Мраморном,3
начале,3
Речи,3
Вдали,3
народ?,3
1939–1945,3
Что,3
Забайкалья,3
"""Великая",3
Потомки,3
великих,3
Великое,3
Великолепный,3
(О,3
царств,3
пятому,3
Высокого,3
Русь.,3
свідомості,3
Золотой,3
хитрость,3
действий,3
"""Вождь:",3
стратегии,3
науки),3
секретности,3
бегут,3
Армии,3
«красных,3
сражения],3
богатырей.,3
(Великий,3
жертвы,3
энциклопедия,3
Грааля,3
4,3
"""Всеобщая",3
учебник,3
неведомым,3
пулемёта,3
сознании,3
рюриковичей,3
символа,3
Краснов.,3
Русское,3
дрейф,3
Війни,3
кошові,3
год,3
1933–1945,3
фюрера,3
«победный»,3
1968,3
Южного,3
морских,3
моторы.,3
висело,3
них,3
переселения,3
рабочему,3
Риме.,3
Греко-Бактрийское,3
Грех,3
ложь,3
зубами,3
Грязная,3
Давня,3
(в,3
вниз,3
горсти,3
быта.,3
модель,3
Деревенские,3
Дерево-ловушка,3
Держава.,3
доме.,3
растили,3
западных,3
пасольства,3
Уладзіслава,3
Контос,3
Динлинская,3
храбрости,3
Адама,3
Империя,3
ГУЛАГа,3
Доленго,3
доордынская.,3
Допетровская,3
Казачьи,3
Древнее,3
диктатуре:,3
Ярослава,3
Эпоха,3
бомбард,3
литературы,3
"""Ева",3
Столыпина,3
Египетская,3
предисловием,3
Мифология,3
шериф,3
республика,3
(Гонители),3
Жив,3
Жизнеописание,3
византийских,3
быта,3
земле,3
Мастер,3
Журавли,3
Занимательная,3
обществоведение,3
Западная,3
революционера,3
(Школьникам,3
географических,3
жила,3
Зелье,3
Злые,3
"""Золотой",3
дух,3
печатью,3
колонны».,3
Одессы,3
путевых,3
законов,3
Даста,3
1920—1970,3
Флавиан,3
Цезарь,3
ученых,3
техникой,3
Перспективы,3
истребительной,3
Интеллигенция,3
Себастьян,3
Getica,3
Искатели,3
огнем,3
XII,3
славянской,3
эклектики.,3
(976,3
1613,3
Сванидзе.,3
описание,3
23,3
западе,3
наркоэкспансии,3
Константина.,3
4.,3
Азия,3
Беларусы,3
человеческих,3
1904,3
Блистательной,3
всемирной,3
нового,3
Шпаргалка,3
игр.,3
письма:,3
невольничьих,3
1725—1740,3
ХIII.,3
24.,3
1764–1765 гг.,3
1945-2008,3
Слова,3
Союза:,3
(ВЧК),3
С.ДСказкина).,3
Перемена,3
флибустьеров,3
учений,3
клуб,3
Иудейский,3
Голландии,3
"""КАВКАЗСКАЯ",3
Валишевский,3
кур,3
Украину,3
Аль,3
управляли,3
Анголы,3
Ментальность,3
"""""Промывание",3
агента,3
(Октябрь),3
летчиков-смертников,3
невозможной,3
Канон,3
области,3
Светин,3
Обращение,3
голове,3
маршалы,3
спецназа,3
«Очаков»,3
"1885-1911.""",3
Крестьянство,3
свадьба,3
палач,3
войне.,3
спас,3
Куликовская,3
Московской,3
Курьез,3
Латвия,3
1918-1930-е,3
Фергюсоне,3
"""Линкоры",3
Римському,3
Литературные,3
XIII—XVI,3
Український,3
САМОВИДЦЯ,3
Севера:,3
Мак-Вильямсы,3
Клин,3
Мальчик,3
Малюта,3
Жуков.,3
интеллигентские,3
главы.,3
статистического,3
Мир,3
Мировая,3
"""Мировые",3
Мировые,3
ВОЙНЫ,3
курганов,3
Миф,3
битвы,3
индейцев,3
московские,3
Узник,3
Монголы,3
Путь,3
Ленинградское,3
бородинском,3
перепутье,3
Боевой,3
Русско-японская,3
углем,3
жилищная,3
сел…,3
Литовском,3
Настоящая,3
традиций,3
НАЦІОНАЛЬНІ,3
ПЕРІОД,3
Олега,3
семьдесят,3
Неандертальцы:,3
Неведомая,3
племя,3
Утренней,3
(Инстинкт,3
Невыдуманные,3
Негладкий,3
Туле,3
1939-1941,3
Расстрелянная,3
Жеребцова,3
убит,3
полюс,3
«Дуб».,3
РЕЛИГИИ,3
делают,3
романтизму,3
реализму,3
арии:,3
пошло,3
Отречение,3
внемлем,3
Армії,3
(середина,3
столетии,3
"""Падение",3
царского,3
Палачи,3
Палех,3
Переулками,3
Падзеі,3
1654,3
гений,3
кардинальской,3
Подпольная,3
ислама,3
Друзья,3
Туманные,3
Проект,3
питань,3
майя:,3
Симона,3
двор,3
Прямой,3
Христофора,3
Ракеты,3
Горячие,3
командира,3
Чехословаччини,3
нравы,3
Риторика;,3
Рифы,3
руке.,3
погляд.,3
«Великолепного,3
порознь?,3
Россия.,3
Сталиным,3
культура.,3
богатыри,3
вы!»,3
кругосветные,3
немецких,3
Русский,3
очерк-сборник),3
изначальная.,3
"""Русь",3
Рыцари,3
базы,3
Свидание,3
Луны,3
Пиночета,3
палитре,3
Сиамские,3
Синто,3
Смерть,3
Кирова,3
Натальи,3
записки.,3
баранов,3
Советская,3
двигателей,3
Палеолог,3
трезуба.,3
назывался,3
Список,3
русские.,3
гусиные,3
открытка,3
РЕПРЕССИВНОЙ,3
монголы,3
Стиляги,3
Страны Мира.,3
успеху.,3
1861,3
разведчика:,3
чудовищами,3
перевод),3
"""Тайна",3
РФ,3
хронология,3
Берлина,3
следопыта,3
разведки:,3
смыслы,3
варяги?,3
Тамерлан,3
"""Танки",3
рассказать;,3
считать,3
Хотана,3
Мойка...,3
третий,3
ядов,3
українців,3
Традиции,3
РАБОЧЕГО,3
Таврического,3
Тюремные,3
Средней,3
орлів.,3
Подлинное,3
Уголовно,3
Ударивший,3
Уинстон,3
исторический,3
династії,3
добу,3
Улыбка,3
возникновение,3
Роковые,3
(статьи),3
кампании,3
обители,3
«сталинских,3
Флот,3
поддержании,3
Франсиско,3
(XVII—XVIII,3
Молдовы:,3
Хитроумные,3
лесов,3
стихия,3
(очерки),3
дружины,3
Христианский,3
человеколюбие.,3
Дальнем,3
Противостояние,3
псы,3
Невеста,3
Человеческое,3
тетрадь,3
Черчиль,3
Чесменский,3
Чингиз-хан,3
Спомини,3
советском,3
Москвой,3
потеряны,3
билеты,3
интуитивист,3
Эпидемия,3
космос,3
Цезарь.,3
Юность,3
Колчак,2
Канарис,2
Российского,2
Екатерины,2
Действительность,2
Адысея,2
История,2
АЗИАТСКИЕ,2
флот,2
Азовское,2
Астрожскі,2
Лысенко,2
недоведених,2
–,2
"""Александр",2
Несостоявшийся,2
век,2
его,2
главе,2
неизвестные,2
Атропат,2
Даниил,2
Алкмеониды,2
Филаиды,2
Алмаз,2
деятельность,2
перечень,2
государей,2
Великий,2
Амазонка,2
Ангелы,2
Советник,2
Английские,2
подводные,2
типа,2
вв.),2
короля,2
очерки,2
армянах,2
предков».,2
Иоанновна,2
КОНСТАНТИНОПОЛЬ,2
Второй,2
Историко-компаративные,2
Антикитерский,2
загадочное,2
вторая:,2
доисламских,2
у,2
Арабы.,2
Средневековья,2
"""Арест",2
нацизма,2
рейха,2
истины?[с,2
Северные,2
третьего,2
монгольской,2
Наполеона,2
по,2
средневековья,2
Троцкого,2
1),2
Устрялову,2
есть,2
господство,2
царь,2
Сталина.,2
Афины,2
Древняя,2
Африка.,2
н.э.,2
Балтийская,2
Балтийские,2
грифа,2
Охота,2
коты,2
тайн,2
Безымянное,2
Беларуская,2
княства,2
ПАД,2
книга,2
тройка,2
движение,2
Беломорско-Балтийский,2
коллаборационисты.,2
свастикой.,2
почта,2
наркома,2
45-го:,2
БЕСПОЩАДНАЯ,2
ФРОНТА,2
тысячелетий,2
Библейские,2
будущего,2
Библия,2
меч.,2
генерал-фельдмаршалов,2
Бородина,2
Толстого,2
(1915-1917),2
театр,2
террор.,2
Давида,2
годах,2
испанское,2
Крым,2
наследство,2
Подунавья,2
"""Босфорский",2
Смуте,2
Морозова,2
від,2
из,2
мир.,2
Бретонцы.,2
парусные,2
Бродяга,2
танка,2
(1937-1943),2
"""Броненосец",2
(Его,2
Нахимов”,2
Испании,2
Бронзовые,2
севера,2
капитан,2
броненосцы,2
Будни,2
(1707–08,2
донского,2
творение,2
насилие,2
Быть,2
гласности,2
аду,2
Амазонки,2
декабристов],2
канун,2
непуганых,2
Петрове,2
ледяных,2
(Книга,2
дворце,2
Українство,2
Земли,2
Бонапарта.,2
Смуты.,2
придя,2
Нарымском,2
Синя,2
В.Грабин,2
Записки,2
русский,2
1918,2
1789–1793,2
мира.,2
Советской,2
правителях-реформаторах,2
Васко,2
революции,2
вблизи,2
уничтожение,2
"""Вермахт",2
Две,2
Чехословакия,2
Семнадцатого,2
крестоносцы.,2
«Джалиты»,2
Христа:,2
боксерских,2
Європи:,2
альтернативы,2
"""Витрины",2
Витязь,2
«Вісла».,2
та,2
1919,2
цивилизации,2
Невероятная,2
доктрина,2
императорской,2
времена,2
что,2
мысль,2
ВВС,2
1944-1946,2
преступники,2
ХХ,2
власть,2
Павла,2
спецназ,2
белых,2
Вождь,2
Землю,2
впечатления,2
Грааль,2
Сборник,2
публикаций,2
военно-морской,2
дня,2
гамбит.,2
походов,2
Невского,2
Роз,2
оставили,2
Войска,2
СС.,2
для,2
вожди,2
века»,2
логова,2
Волшебная,2
Мессинг,2
Страны-участницы.,2
Вор,2
еврея-красноармейца,2
(1910-1930-е,2
Восток,2
политического,2
это,2
народа,2
Временщики,2
самом,2
Южном,2
Мировой,2
войско,2
Всемирная,2
томах.,2
5:,2
немого,2
Вслед,2
Вспомним,2
американских,2
Встреча,2
"""Всякий",2
оружию,2
Стратегический,2
тактический,2
(Часть,2
Алексея,2
(Браки,2
Вулканы,2
издание,2
И,2
Высшая,2
судьбы,2
Павел,2
города),2
О.,2
Скоблин.,2
разведки,2
Генералиссимус,2
ЦК,2
неба.,2
Гетерохронность,2
древности,2
Гетманские,2
Забытая,2
«Курска».,2
Айдахара,2
На,2
"""""Дерфлингере""""",2
праматерь,2
утро,2
войну?,2
НЕИЗВЕСТНАЯ,2
империализма,2
Стайнем,2
обличье,2
Лось,2
1942,2
«учебный».,2
Христа,2
четырех,2
козацтво,2
Голодомор,2
Моя,2
6),2
топографии,2
7),2
лето,2
1940–1941,2
пребывания,2
офицеры,2
настроением,2
да,2
решение,2
(Император,2
Гость,2
(1936,2
1939).,2
раскола,2
Витте,2
Серб-дипломат,2
(часть,2
королевы,2
птица,2
Гренландский,2
"""Греция",2
Греческая,2
цивилизация.,2
Святовита,2
старца»,2
долготы,2
Гроза,2
(Комбинации,2
Кирове,2
15,2
июля,2
года.,2
руку,2
Далекий,2
"""Дальнейшие",2
часть,2
изложение,2
Дамасские,2
Галицкий,2
Дань,2
другая,2
науке,2
1995),2
вместе.,2
Движущие,2
Девушка,2
(скандинавские,2
экономического,2
элита,2
побоище.,2
Неправда,2
биография,2
смуты,2
национального,2
поделил,2
Китая.,2
Десанты,2
ОТ,2
ДО,2
МЕДВЕДЕВА.,2
Деятельность,2
Джентльмен,2
вялікага,2
Спецназ,2
дивное,2
космонавта.,2
Евромайдан,2
письма,2
Роковин,2
возвращение.,2
Достижения,2
белорусском,2
транстихоокеанские,2
город.,2
Взлет,2
Быт,2
Первого,2
События,2
Кавказским,2
Порт-Артура,2
(ОПЫТ,2
богатые,2
перед,2
катастрофой.,2
бог,2
Единство,2
(История,2
Ейск.,2
3-е,2
Потемкин.,2
Блаватская,2
сталинизма,2
строе,2
Рюриковичей,2
историей,2
Жена-девочка,2
мужчин.,2
дракона,2
ЖЕСТОКИЕ,2
мертвые,2
идеи,2
Чжу,2
философов,2
V,2
нас,2
обывателя.,2
"""Житие",2
"""ЖИТИЕ",2
скорботи:,2
Рыжему,2
Замок,2
волчица,2
"""Западное",2
топарха,2
Запорожцы,2
блицкриг.,2
8),2
Зачем,2
победу?,2
крона,2
черными,2
Зеленые,2
Землепроходец,2
составе,2
Егорыча,2
Зимняя,2
финская,2
Политическая,2
«Ломят,2
корча.,2
Зловевещий,2
"""Знаете",2
Историческая,2
степных,2
Трои,2
Львовича,2
боевой,2
сталинских,2
Невская,2
Ильин.,2
Ивановы,2
Игнатий,2
Секретные,2
чужом,2
цивилизация,2
цивилизация:,2
забытой,2
Иду,2
перехват,2
крест,2
Иерусалим:,2
моего,2
1903-1919,2
Игренище.,2
Всеволода,2
М.А.,2
Дон,2
Изабелла,2
Католичка.,2
Выпуск,2
Николай,2
переломе,2
евреи,2
Война.,2
Цинь,2
Аттила,2
тюрков.,2
(Гибель,2
ним,2
Виктором,2
"""Интервью",2
любви,2
Джугашвили,2
(Джугашвили),2
Ирано-иракская,2
1980-1988,2
Абхазия,2
Истмат,2
Восток-Запад,2
(Тайна,2
байки,2
колокола,2
имперского,2
"""Исторические",2
Михаил,2
материализм,2
исламской,2
краеведение,2
10,2
21,2
19,2
балтийских,2
Библейских,2
Августа,2
карт,2
Германии.,2
Всеволодовича,2
Иоана,2
Продолжение,2
X,2
5,2
Востока.,2
11,2
Средневековая,2
Эдуарда,2
иконы,2
имперских,2
истоков,2
каннибализма,2
Китая,2
финно-угорских,2
взаимодействий,2
оккультизма,2
малой,2
ариев,2
лагеря,2
Плакаты,2
Польши,2
наизнанку.,2
Учебник,2
/,2
ред.,2
сопротивления,2
1714–1725,2
рабства,2
формы,2
1584-1613,2
1766—1772,2
1703–1727 гг.,2
1745–1748 гг.,2
внешней,2
Торопецкого,2
Василия,2
Иоанна,2
1505–1584 гг,2
окончания,2
учителя[2-е,2
крепких,2
1870-1890,2
века:,2
философии,2
СРЕДНИХ,2
(В,2
курc,2
Тевтонского,2
Происхождение,2
Аравии,2
шизофрении,2
экономики,2
поезд,2
послал,2
Гитлера.,2
1943-1944,2
"армии""",2
41-го.,2
морю,2
народности,2
Туларосы,2
истокам,2
движения,2
северу,2
Правде,2
Кавказские,2
границе,2
все:,2
"""Каждый",2
убивает,2
бизнес,2
далеко,2
живет,2
убивать,2
Зюганов,2
частью,2
западную,2
уходили,2
стране,2
Заговор,2
Железнодорожные,2
цивилизованных,2
«Неправильная,2
предотвратил,2
выступал,2
умирал,2
Какое-то,2
Калужане,2
герои,2
Каньон,2
коммунизма,2
Капитан,2
Капитан-лейтенант,2
50,2
спустя,2
Карнак,2
Катуков,2
автономия,2
полка,2
Коммунальная,2
становление,2
верховные,2
замыкание,2
Фуке,2
Коснувшись,2
Краткая,2
Ближнего,2
основания,2
"""""Рюрик""""",2
священной,2
восстания,2
Брест,2
бунт,2
Цари),2
Кривое,2
Кризис,2
античной,2
Льва,2
фальсификации,2
Криминальная,2
Отари.,2
рынка,2
настоящий,2
Критерии,2
Критий,2
Диалогов,2
Критика,2
технологии,2
Кровавая,2
Манор-Плэсе,2
Кровавые,2
Дунай.,2
иллюстраций),2
июле,2
Попова,2
Аналитический,2
(Февраль,2
Крылья,2
ханства,2
Новороссии,2
Ксеркс.,2
"""Кто",2
ИЛИ...,2
"""Куда",2
исчез,2
Лапти,2
8,2
Лев,2
Левые,2
Легенда,2
метро,2
(1941-1945),2
"""Легитимация",2
танк,2
Полит.ру,2
Кн.,2
Последние,2
Линкоры,2
ошибок,2
орудия-монстры,2
стандарт,2
6.,2
мощь,2
бою.,2
мозаика,2
Ямайки,2
лицу,2
прием,2
ловца,2
ч.7,2
ч.8,2
страху,2
динозавры,2
"""Люди",2
ЛЮДИ,2
ТЮРЬМЫ,2
9),2
кусочек,2
Малороссия.,2
Крым.,2
Томаса,2
Марк,2
Таугер,2
периоде,2
Кшесинская.,2
1917-1922,2
тумане,2
Медвежатник,2
средних,2
сражения),2
Место,2
исторических,2
парижского,2
власти:,2
Мечты,2
Петербург.,2
Миноносцы,2
пережитое,2
Мистика,2
Прага,2
легионов.,2
энкавэдэшниках»,2
шести,2
Ближний,2
горе-врачей,2
Костюмные,2
патернализации,2
Баллада,2
кровавое,2
друг,2
Мефистофель,2
Мольтке,2
Монолог,2
владычества,2
домой),2
Морской,2
Москаль.Опыт,2
1612,2
Автобиография,2
города-героя,2
проникновения,2
культурной,2
«бунташном»,2
безмолвие,2
Мудрецы,2
камне,2
всему,2
разные,2
поднимаем,2
Мысли,2
устройствѣ,2
Мытарства,2
30-х,2
реформаторов:,2
решалась,2
"""""История",2
усадеб,2
«Варяге».,2
Берлин!,2
бій,2
Перемога,2
поразки.,2
горизонте,2
Просторах,2
острие,2
перекрестках,2
Военно-политическая,2
Полтаве,2
арабскими,2
Афган,2
Наибольшие,2
'Цинтии',2
Наша,2
1931,2
ОУН,2
том:,2
часів,2
Нарком,2
Народы,2
зачем,2
понадобилась…),2
рано,2
Т-34М,2
Витовта.,2
«кротов»,2
Наследница,2
славянофилов,2
Россия:,2
задачи,2
стандартизированная,2
Томской,2
четырнадцать,2
патруль,2
резидента,2
великая,2
журнал,2
Небываемое,2
народы,2
Невероятные,2
вайна:,2
Нежная,2
блокады,2
пьянстве,2
краеведения,2
Ханко,2
Черчилля,2
неприятности,2
Огнестрельное,2
глупости.,2
1774—1920 гг.,2
морге,2
Троцкому,2
стоянка,2
"""ООО",2
Трест,2
дорога,2
Операция,2
Голштинского,2
Оппозиция,2
Винфри,2
Опричники,2
старцы,2
соперничество,2
трагические,2
сентиментализма,2
Индии.,2
Брежнева.,2
Сталинграда,2
Эрфурта,2
пошла,2
Откуда,2
ты,2
Отроку,2
Радикале,2
Бисмарк,2
европейской,2
вопрос,2
Официальный,2
Чума,2
ХАНСТВА,2
поповщины,2
слядах,2
й,2
фаворита,2
ангелы,2
Париж,2
(Венок,2
Пасть,2
Бракель,2
Патриарх,2
Патриаршие,2
Московско-литовская,2
«Русская,2
стрелков,2
войне),2
Пергамское,2
Перед,2
"""Перед",2
Пережитое,2
птицы,2
"""Перемирие",2
зенитные,2
Перу.,2
ранних,2
Песни,2
Великий:,2
Петровские,2
Пещеры,2
Пилсудский,2
Палестине,2
Пирамида,2
усыпальница,2
знаменем,2
Пираты-призраки,2
Валаамской,2
ссылки,2
(1933-1937,2
Александру,2
Цезарю,2
Персеполем,2
Моцарта,2
поры.,2
депутатов,2
импрессионистов.,2
гусара,2
литературного,2
рыцарей,2
пациентов,2
царских,2
исходе,2
флагом.,2
заметки,2
восьмиконечного,2
Подземелья,2
РСДРП–РКПб–ВКПб.,2
курс.,2
Подо,2
Україна.,2
Воєнна,2
Америка,2
Полководцы,2
Тмутараканский,2
Дибич,2
собрание,2
01,2
06,2
Июль-октябрь,2
Мощеные,2
По,2
окном,2
Украиной,2
національних,2
Пропавшая,2
Простые,2
Италии,2
доказанный,2
победе?,2
дерьмократию,2
Путешестие,2
людоеду,2
Путин.,2
«Изборского,2
длиною,2
миллионы,2
быль),2
дуэли),2
Пущин,2
Р-38,2
«Аэрокобра»,2
рейнджера,2
строении,2
ТЕРЕНАМИ,2
"""Ренн-ле-Шато.",2
случаю,2
Чемберлена,2
Чемберлену,2
эры.,2
императоры.,2
476,2
э,2
Эпохи,2
мыслитель,2
Ришелье,2
Ришелье.,2
Роберт,2
1355—1357,2
Романовы.,2
Византии.,2
"""Рональд",2
Рейган:,2
Сергей,2
самоуправления,2
крестьянство,2
"""Россия",2
окна,2
Учебное,2
огне,2
финансовый,2
(Очерки,2
истории).,2
СПАСАЛА,2
Руны,2
Слава,2
Троцким,2
очерке,2
вооружение,2
XIX–XX,2
1904—1905,2
режима.,2
большевиками.,2
смута,2
Коловрат.,2
Небо,2
Афоне.,2
игумена,2
университетах,2
Русские:,2
мы?,2
500,2
там,2
великое,2
Харбин,2
Війська,2
настоящая,2
Библии,2
Славяно-тюркское,2
Северная,2
прародина,2
европейских,2
Рыцарство,2
протекших...,2
Латное,2
Сватовство,2
мая,2
Свой,2
своих,2
"""Святая",2
Легенды.,2
Корея:,2
дома,2
Филиппов,2
Королева,2
Посад,2
гейт.,2
подкова,2
адмирал,2
Сила,2
Гомера,2
Сингапурская,2
мира',2
(1965,2
каскад,2
перекрестки,2
Січ,2
каменецком,2
козьме,2
Козьме,2
Московии,2
Служба,2
диверсантам,2
одна,2
Битвы,2
грифом,2
Смешная,2
(Странник,2
стоит,2
Сначала,2
маленьким,2
Снегурочка,2
Сны,2
(1944-1948),2
20-е,2
(СССР),2
Советское,2
бюро,2
Соглашение,2
дьяволом.,2
Америки.,2
месте,2
учитель,2
реликвии,2
реалий),2
со,2
искусства),2
Огрызлове,2
декабристы,2
(вторая,2
победой,2
Спор,2
военные,2
Среди,2
возрождение,2
палачей,2
СССР:,2
Ставка,2
портрет,2
лжи.,2
«либеральной»,2
истины,2
холодной,2
Сталинский,2
(1934—1936,2
кулак,2
паэзіі,2
полілінгвістычнай,2
Тюдоров,2
Религиозно-политическая,2
Джонсона,2
капитаны,2
ПЕРИОД,2
Статуэтки,2
Стивен,2
Сто,2
9-го,2
только,2
Шамбала,2
Секретной,2
Повестка,2
16-18,2
Ступени,2
подземелье,2
дуэль,2
Суздаль.,2
век»,2
"""Суперлинкоры",2
Схороните,2
Великой.,2
этнос»,2
Т-54,2
Т-55.,2
Тарле,2
мраке),2
сына,2
царя-отрока,2
отдела,2
антисемитизм.,2
Радость,2
Истории.,2
апокалипсиса,2
водки.,2
Горбачева,2
дипломатии,2
дипломатии.,2
трёх,2
океанов,2
стран,2
общества:,2
ВМС,2
силы:,2
идеал,2
действительности,2
войскъ,2
"""Там",2
Тамплиеры.,2
"""Танкисты.",2
крестный,2
Тач-Гюль,2
Персии),2
(Реальность,2
Театр,2
Тевтонский,2
Заполярьем:,2
союзных,2
центры.,2
Теодорих,2
Теория,2
проекта,2
Терская,2
сорок,2
Социальных,2
Технология,2
Течет,2
Тіні,2
предків.,2
склавинів,2
1815-1847.,2
колено.,2
соснам,2
Троя,2
ради,2
Трудности,2
подвиг,2
ТРУДОВОЙ,2
«покаяния».,2
край,2
помнишь,2
ордэн,2
Тэўтонскі,2
Тяжёлый,2
I»,2
"""У",2
правды,2
варягом,2
нації.Україна,2
тайная,2
защита,2
600-летнему,2
Уильям,2
предали,2
жорсткі,2
Західній,2
Чарли,2
Ум,2
(Сталин,2
вирі,2
Красного,2
нерешенные,2
Усмешки,2
Наций,2
Утерянные,2
Утопия,2
Утрата,2
Фаворит,2
Фанни,2
Фату-Хива,2
свободы,2
делается,2
дальше,2
Паулюс:,2
Фельдшер,2
Кастро,2
Портреты,2
Лапландии,2
сохранении,2
Шуберт,2
позднего,2
колонизация,2
"""Французская",2
революція,2
сезон,2
Смит,2
Фрейкоры2.Повесть,2
Барбаросса,2
Вильгельм,2
коммуна,2
ходил,2
Скотт,2
Кихот,2
Ламанчский.,2
Ход,2
Самодержавие,2
Хозяин.,2
сталинской,2
тушкой,2
Христианская,2
взаимодействие,2
еврей,2
Скандинавии,2
Харьков,2
741-1139,2
реформы),2
"""Хрущев:",2
Мауси,2
Хунно-китайская,2
(разбор,2
необъявленная,2
Цiлющий,2
водному,2
Царская,2
ЦАРЬ,2
ЦИВИЛИЗАЦИЯ:,2
волны,2
Бреслау.,2
кровавый,2
среды,2
Че-Ка,2
комиссий.,2
"""Человек",2
саг,2
Війна,2
степи,2
"""Чернобыль",2
возмездия»,2
мустангер,2
колониализма,2
"""Четверть",2
Чехия.,2
Чешские,2
Чили,2
Число,2
Передумови,2
происшествия,2
говорят,2
ССР.,2
Гестапо,2
Кёнигсберг.,2
«Валькирия»,2
вранья,2
Экономика,2
Походный,2
Колокольцова,2
Элкинсы,2
шахматист,2
мировых,2
справки.,2
Адриана,2
номер,2
Эфталиты,2
Юные,2
в,1
России,1
Адвечны,1
покліч,1
Радзімы,1
Адкуль,1
наш,1
род,1
Адмирал,1
Васильевич,1
(краткий,1
биографический,1
очерк),1
суд,1
истории,1
М.,1
Галлер,1
Ушаков,1
АДМИРАЛ,1
УШАКОВ,1
"""Адмирал",1
"(""""Боярин",1
"флота"""")""",1
на,1
Средиземном,1
море,1
(1798-1800),1
Ушаков.,1
Флотоводец,1
и,1
святой,1
Адмиралы,1
корсары,1
Великой,1
Адольф,1
Легенда.,1
Миф.,1
—,1
Лемурия?,1
лекаркі.,1
Саламея,1
Русецкая,1
"""Аз",1
Азбука,1
государства.,1
Царь,1
Петр,1
Азовский,1
флотилии,1
Канстанцін,1
корабельной,1
науки,1
Акио,1
Морита,1
-,1
убедительный,1
Аксіоми,1
Акуляча,1
клiтка,1
дюйм,1
Тёмных,1
"""Акционерное",1
I,1
победитель,1
1801–1825,1
гг.,1
Наполеон,1
тайна,1
Федора,1
Козьмича,1
Самодержавный,1
II,1
(1856–1870).,1
II.,1
Весна,1
реформатора:,1
люди,1
судьбах,1
реформ,1
III,1
богатырь,1
русском,1
троне,1
время,1
Гумбольдт,1
Керенский.,1
Демократ,1
КОЛЧАК,1
к,1
портрету,1
Македонский,1
Невский,1
князь,1
Рима,1
Невский.,1
Спаситель,1
Русской,1
земли,1
Кутепов,1
Первый,1
Наполеон.,1
Дуэль,1
войны,1
Пушкин,1
Александра,1
Алексис,1
де,1
Токвиль,1
Али-паша,1
Алиенора,1
Аквитанская.,1
Непокорная,1
королева,1
горы,1
Алкамен,1
театральный,1
мальчик,1
Алкивиад,1
Кориолан,1
Алкоголь,1
душа,1
камень,1
1830–1919,1
годы:,1
структура,1
Алфавитно-справочный,1
замечательнейших,1
особ,1
их,1
От,1
Михаила,1
Ломоносова,1
до,1
миф,1
или,1
реальность,1
Альфред,1
война,1
с,1
викингами,1
Нобель,1
Американская,1
разведка,1
мировой,1
против,1
Гитлера,1
партизаны,1
Американские,1
не,1
были!,1
Аммалат-бек,1
Книга,1
1,1
історія,1
Анапский,1
инцидент,1
Анархисты,1
Анархия,1
мать,1
порядка,1
(Сборник),1
Анархо-синдикализм,1
"""Анастасия",1
Анатолий,1
Корнелиевич,1
Виноградов,1
об,1
"""Анатомия",1
финансового,1
пузыря,1
Ангел,1
Ангерран,1
Красивого,1
АНГЛИЙСКАЯ,1
ИСТОРИЯ,1
Английская,1
Панама,1
XVII,1
короли,1
“Е”,1
Интимная,1
история,1
Английское,1
завоевание,1
(XII–XVII,1
путешествие,1
Англия,1
раннее,1
Львиное,1
Сердце.,1
1899–1902,1
Англо-бурская,1
Андин.,1
Исторические,1
Китае,1
Кожухов,1
Андрей,1
Рублев,1
Андропов,1
Андроповщина,1
Анексія:,1
Острів,1
Крим.,1
демарш,1
СС,1
«Наследие,1
проект,1
Анилевич,1
Мордехай,1
Анна,1
Ярославна:,1
українська,1
княжна,1
королівському,1
престолі,1
Франції,1
XI.,1
сторіччі,1
Анналы,1
(919,1
год),1
АННАЛЫ,1
КАМБРИИ,1
Анри,1
Лярошжаклен.,1
Герои,1
Вандеи.,1
За,1
ОБ,1
ОТТОНЕ;,1
ОТЧЕТ,1
О,1
ПОСОЛЬСТВЕ,1
В,1
одиссея,1
(Северная,1
партия,1
экспедиции,1
Правда,1
о,1
революции.,1
Февраля,1
Октября.,1
Гадит,1
ли,1
англичанка,1
России?,1
АНТИ-Стариков.,1
Почему,1
все-таки,1
наука,1
Антигитлеровская,1
победе,1
над,1
общим,1
врагом),1
Антизападная,1
модернизация.,1
«особых,1
путях»,1
социокультурного,1
развития,1
Самое,1
Антироссийские,1
исторические,1
Антисемитизм,1
Советском,1
Союзе,1
Антихрист,1
Античная,1
лоция,1
моря,1
гностицизм,1
Античный,1
полис.,1
Курс,1
Антология,1
шпионажа,1
Апокалипсис,1
Апокрифический,1
диалог,1
Апология,1
Апошняе,1
каханне,1
Мiндоўга,1
языке),1
Томские,1
корни,1
Арабо-израильские,1
Арабская,1
литература,1
распада,1
колониальной,1
системы,1
Халифат,1
границ,1
веках,1
IV-VI,1
XVI–XXI,1
вв.,1
Аракуш,1
Арбат.,1
лабиринте,1
переулков,1
Аргонавты,1
Арена,1
гладиаторы,1
между,1
смертью,1
Арии,1
древней,1
Арийская,1
теорема,1
Арийские,1
еврейские,1
шахматы,1
Руси.,1
Предки,1
русских,1
Древнем,1
мире,1
Арийское,1
русской.,1
Мифы,1
предания,1
древнейших,1
АРИСТОКРАТИЯ,1
ЕВРОПЕ.,1
1815—1914,1
Аркаим,1
момент,1
истины?,1
таблиц,1
рисунки],1
Арктические,1
зеркала:,1
Россия,1
Севера,1
конвои.,1
морские,1
сражения,1
войне,1
тайны,1
"""Армии",1
мусульманского,1
Востока,1
Армия,1
Великого,1
Рима.,1
Петра,1
Победы,1
"""Армия",1
держави,1
Армянские,1
басни,1
Багратидов,1
Византия,1
IX–XI,1
Аромат,1
убийства,1
Артамошка,1
Лузин,1
Артефакты,1
Российской,1
Артилерія,1
Січових,1
Стрільців,1
боротьбі,1
Київські,1
Ворота,1
Артиллерийский,1
тягач,1
«Коминтерн»,1
Артиллерия,1
бою,1
операции,1
парусный,1
Ивана,1
российских,1
мониторов,1
армии,1
(1900-1917,1
гг.).,1
Том,1
Артур,1
король,1
драконов.,1
Варварские,1
истоки,1
величайшей,1
легенды,1
Британии.,1
Джонс,1
бунтарь,1
Арутюн,1
Халибян,1
Архаические,1
мифы,1
Запада,1
Архангелы,1
шакалы,1
Археологiя.,1
Дитяча,1
енциклопедія,1
Археологические,1
исследования,1
П.К.,1
Козлова,1
аспекте,1
исторической,1
географии,1
путешествия,1
Тюмени,1
ее,1
окрестностям,1
Археологический,1
словарь,1
Археология,1
исследование,1
русского,1
Крита,1
оружия.,1
бронзового,1
века,1
Ренессанса,1
следам,1
легенд,1
мифов,1
Ваджры,1
(Том,1
2),1
"""Архив",1
3,1
Архивные,1
материалы,1
Н,1
Исчезающих,1
Островов,1
(Повести,1
Ветлугине,1
Архипелаг,1
приключений,1
Асгард,1
город,1
богов,1
Аспазия,1
Астронавты,1
Люфтваффе,1
Bf,1
109,1
Средиземноморье,1
Асы,1
люфтваффе,1
Fw,1
190,1
Восточном,1
фронте,1
Люфтваффе.,1
Скорость,1
тундрой.,1
Воздушная,1
Заполярье.,1
1941–1944,1
асов.,1
борьбе,1
шпионажа.,1
Закулисная,1
крейсера,1
Аттила.,1
"""Ату",1
Аукцион,1
разведчиков,1
Афганская,1
Битва,1
Азию,1
война.,1
Афганские,1
Аттика.,1
культура,1
Афины:,1
Афоризмы,1
Ахейская,1
Греция,1
тысячелетии,1
books_name,1
Бабаев,1
Бабин,1
Яр:,1
версії,1
гіркої,1
владение,1
имуществом,1
(1700—1861),1
Багровая,1
книга.,1
Погромы,1
1919-20,1
Украине.,1
Нечаев,1
Балалайка,1
Андреева,1
Тито,1
Орудие,1
Бегство,1
«Энигмой»,1
Без,1
единого,1
выстрела,1
,1
пощады,1
гетьман,1
України,1
Бездомные,1
мальчишки,1
стражи,1
(загадки,1
острова,1
Пасхи),1
Безногий,1
Личная,1
травма,1
судьба,1
могила,1
пад,1
Вялікае,1
БЕЛАРУСЬ,1
АКУПАЦЫЯЙ,1
"""Белая",1
свидетельства,1
Белая,1
скво,1
Белгород-Днестровский,1
Белое,1
годы,1
имени,1
Сталина,1
Белорусские,1
оккупантами,1
Белоруссии.,1
1941–1945,1
Белорусы:,1
Вторая,1
мировая,1
Попытка,1
звездой,1
военной,1
уральских,1
химиков,1
Берестяная,1
Берия,1
чистка,1
"""Берия",1
Берия.,1
Судьба,1
всесильного,1
ВОСТОЧНОГО,1
Тирания.,1
Историко-политические,1
этюды,1
Беспримерное,1
нашествие,1
(=,1
начала,1
XX,1
OSS,1
Библейская,1
археология:,1
научный,1
подход,1
поучения,1
тактика,1
Библейский,1
Израиль.,1
двух,1
народов,1
код.,1
Тайнопись,1
(Hовый,1
Завет),1
Палестина,1
Microsoft,1
Биографии,1
Биография,1
Л,1
"""Биография",1
2,1
научной,1
докосмической,1
эры,1
I),1
Кавказ,1
ЗНАКИ,1
Бронетанковые,1
СССР,1
Германия,1
Германии,1
Японии,1
Кореи.,1
612,1
машины,1
десанта,1
Кавказа,1
Большой,1
шеф,1
Красной,1
Борис,1
Иванович,1
битва,1
26,1
1812,1
Боротьба,1
історичну,1
память,1
Борьба,1
Голиафом,1
БОРЬБА,1
1945—1952,1
влияние,1
Персии.,1
Дипломатическое,1
противостояние,1
Красный,1
(сентябрь,1
1941,1
Ленинград,1
Отечественной,1
"""Борьба",1
:,1
Краков,1
Полоцк,1
Литвой,1
племён,1
в.,1
политических,1
группировок,1
VI,1
веке,1
н.,1
э.,1
проституцией,1
фашизмом,1
начинается,1
большевизма,1
хищениями,1
органах,1
связи,1
провокации,1
Первой,1
Босэан.,1
Тайна,1
тамплиеров,1
Рыцарь,1
удачи,1
Бояре,1
Романовы,1
Смутное,1
Боярыня,1
кот,1
Брама,1
Європи.,1
Історія,1
воєн,1
незалежності,1
Брат,1
брата,1
Братство,1
Колокола.,1
Секретное,1
оружие,1
Правды,1
самая,1
загадочная,1
организация,1
Русского,1
Зарубежья,1
Братья.,1
масонства,1
Браун,1
Калавераса,1
Брачные,1
союзы,1
Дома,1
Бред,1
Брежнев.,1
Разочарование,1
власти,1
Бремя,1
таланта,1
БРЕСТСКАЯ,1
КРЕПОСТЬ,1
документы,1
КРЕПОСТЬ.,1
Брестский,1
советской,1
Бриан,1
Бригада,1
«Революционная,1
Монголия»,1
Британия,1
начальник,1
тюрьмы,1
"""Бродяги",1
Броневой,1
щит,1
"Ушаков""""",1
Броненосные,1
«Гарибальди»,1
Броненосный,1
крейсер,1
“Адмирал,1
железных,1
дорог,1
"""Броненосцы",1
Соединенных,1
Штатов,1
Америки,1
Броненосцы,1
«Инфлексибл»,1
(1874-1908),1
«Роял,1
Соверен»,1
Часть,1
“Фусо”,1
Бронепоезд,1
«Гандзя»,1
Бронетехника,1
1936–1939,1
Бронзавы,1
нa,1
тэpытopыі,1
Беларусі,1
Броня,1
генетической,1
памяти,1
Брусиловский,1
прорыв,1
"""Брустверно-башенные",1
Будапештская,1
миссия,1
существовать,1
Россия?,1
Буймир,1
(Буймир,1
Буйная,1
Сарра,1
Булавинский,1
бунт.,1
Этюд,1
Очерки,1
Бунташный,1
век.,1
Век,1
Бурбоны,1
Бург,1
Императора,1
Франца-Иосифа,1
Буржуа,1
Сталин,1
Быстроконные,1
девы,1
Джар,1
бытие,1
ариев.,1
российской,1
(XI-XXI,1
Повседневная,1
жизнь,1
августе,1
1941-го,1
Кровавый,1
кошмар,1
Вермахта,1
бухте,1
глубь,1
грозу,1
Борнео,1
Южной,1
Африки,1
(Буры,1
джунглях,1
диком,1
(Дневник,1
добровольном,1
изгнании,1
[О,1
женах,1
сестрах,1
донесениях,1
сообщалось...,1
донской,1
станице,1
при,1
большевиках,1
защиту,1
генерала,1
Фанстона,1
крупного,1
капитала,1
потрясений:,1
Предпосылки,1
первой,1
Крестьянской,1
Кенигсберге,1
Ильфе,1
"""В",1
лесах,1
логове,1
снежного,1
барса,1
Тихом,1
океане,1
окопах,1
Донбасса.,1
Крестный,1
путь,1
октябре,1
пазурах,1
двоглавого:,1
наркотиков,1
1500–2000,1
поисках,1
Израиля,1
СОКРОВИЩ,1
золота,1
сокровищ,1
крестоносцев,1
Италией,1
прерии,1
вокруг,1
патриарха,1
пучине,1
уроки,1
роли,1
себя,1
страну,1
Восточную,1
суде,1
зверей,1
те,1
тени,1
восходящего,1
солнца,1
дальнем,1
христианском,1
Кантоне;,1
«Устали,1
щуриться…»;,1
гостях,1
Лу,1
Мэй,1
Ланьфана,1
В-17,1
Flying,1
Fortress,1
В-24,1
Liberator,1
Н.В.Устрялов,1
Вдова,1
герцога,1
Велика,1
Великая,1
врача,1
Война,1
Революция,1
годов,1
Февральская,1
непобедим,1
1939-1945,1
Гражданская,1
Рожденная,1
Отечественная:,1
русская,1
революция,1
ВЕЛИКАЯ,1
РУССКАЯ,1
РЕВОЛЮЦИЯ:,1
1905-1922,1
Русская,1
выход,1
смута.,1
Конец,1
Французская,1
Хартия,1
Вольностей,1
Великие,1
алхимики,1
арабские,1
России.,1
вторая,1
уголовного,1
первая,1
рождение,1
Европы,1
завоеватели,1
Древнего,1
Египта,1
загадки,1
искусства.,1
историй,1
женщины,1
Древней,1
империи,1
мира,1
матери,1
знаменитых,1
100,1
потрясающих,1
судеб,1
Моголы.,1
Тамерлана,1
открытия,1
открытия.,1
Колумб.,1
Гама.,1
Магеллан.,1
романы,1
людей,1
российские,1
историки,1
Смутном,1
времени,1
"""Великие",1
русские,1
полководцы,1
флотоводцы.,1
Истории,1
верности,1
Античного,1
Переяславский,1
Новгород,1
иностранных,1
поход,1
космосе,1
предательство,1
Величие,1
Создание,1
издалече,1
"""Венец",1
властью.,1
Тайны,1
Вера,1
дьявола,1
религии,1
Николаевна,1
Фигнер,1
Верден.,1
Мясорубка,1
дьявола.,1
Вермахт,1
оккупация,1
евреев.,1
Москвы,1
ворот,1
Вернер,1
фон,1
Сименс,1
Крыма.,1
крымская,1
самоидентификация,1
античности,1
Верю,1
!,1
Веселая,1
Эрата.,1
попутчик,1
социализма.,1
Победы.,1
Забытое,1
преступление,1
Весной,1
смерти:,1
лазутчики,1
Ветры,1
Куликова,1
поля,1
политической,1
следы,1
Вечный,1
зов,1
Китае.,1
Взгляд,1
через,1
падения,1
Взорванный,1
плацдарм.,1
Реквием,1
Взрыв,1
Визит,1
858,1
г.,1
Авиньонского,1
пленения,1
Викинги,1
Британии,1
престоле,1
Винайдення,1
Східної,1
цивілізації,1
Виртуализация,1
общества,1
Виртуальная,1
предположения,1
Витим,1
(Роман,1
эксперимента.,1
Культурная,1
дипломатия,1
западные,1
гости,1
распутье:,1
Феодальная,1
XV,1
Від,1
волинської,1
різанини,1
операції,1
конфлікт,1
1943-1947,1
рр.,1
Рейсхтагу,1
У,1
полумї,1
війни.,1
Україна,1
Українці,1
Другій,1
світовій,1
ВІДРОДЖЕННЯ,1
НАЦІЇ,1
(Історія,1
української,1
революції:,1
марець,1
1917,1
р.,1
грудень,1
р.),1
"""Війна",1
Путіна,1
проти,1
України.,1
Революція,1
Вклад,1
академика,1
Т.,1
Д.,1
победу,1
Владивосток,1
Владимир,1
Владимирович,1
Оруэлл,1
Мономах,1
Святой.,1
Создатель,1
Владимирский,1
централ.,1
Владимирской,1
Власов.,1
Восхождение,1
эшафот,1
Властители,1
античных,1
морей,1
"""Властители",1
Европы:,1
императоры,1
Власть,1
X–XIII,1
оппозиции,1
Талисмана,1
Влекомые,1
Роком.,1
победа,1
Влесова,1
Троянский,1
конь,1
норманнизма,1
Влияние,1
морской,1
силы,1
историю,1
1660-1783,1
Вместе,1
Россией,1
(Вместе,1
Вначале,1
были,1
Внешнеполитическая,1
Внешнеполитические,1
факторы,1
Феодальной,1
феодальной,1
Внимание,1
Говорит,1
океан,1
Внутренний,1
враг,1
закат,1
Внутренняя,1
колонизация.,1
Имперский,1
опыт,1
хаоса.,1
Современники,1
войнах,1
революциях,1
1914–1920,1
"""Во",1
имя,1
Люди,1
верит,1
Россия;,1
Религиозные,1
процессы,1
постперестроечной,1
Вогонь,1
з,1
Холодного,1
Яру.,1
Воды,1
Экса,1
Водяная,1
пустыня,1
Воевали,1
«гробах»!,1
Упадок,1
танковых,1
войсках,1
Военлеты,1
погибшей,1
империи.,1
Авиация,1
Гражданской,1
Военная,1
держава,1
Чингисхана,1
Возникновение,1
развитие,1
завоевательной,1
политики,1
крупных,1
войн,1
XVI-XV,1
х.э.,1
Период,1
Передней,1
Азии,1
Нубии,1
молитва,1
Рюрика,1
Николая,1
хохмы,1
Военно-морские,1
рассказы,1
Военно-морской,1
Военно-экономический,1
фактор,1
Сталинградском,1
сражении,1
Курской,1
битве,1
Военное,1
IX-XI,1
искусство,1
Средние,1
Военные,1
дневники,1
люфтваффе.,1
Хроника,1
боевых,1
германских,1
Спасение.,1
планы,1
Рузвельт.,1
Анти-Нюрнберг,1
специалисты,1
службе,1
Республики,1
Советов,1
1917-1920,1
Военный,1
Японией,1
1905,1
гг.),1
коммунизм,1
России:,1
массы,1
Вожди,1
Оговоры.,1
Травля,1
Возвращение,1
Бикини,1
разведчика,1
евреев,1
свете,1
логике,1
Неве.,1
Защитники,1
Ленинграда,1
асов,1
Одессу,1
Севастополь,1
1941—1942,1
СССР.,1
Воздушные,1
дуэли.,1
эпоха,1
Заметки,1
офицера,1
фронта,1
детей,1
справедливость,1
Тухачевского,1
по-американски:,1
традиции,1
милитаризма,1
Факторный,1
анализ,1
исторического,1
военная,1
преступность.,1
кланов.,1
миров.,1
проблемы,1
вандалами,1
"""Война",1
Судного,1
ускоренная,1
Войны,1
эпоху,1
Святослава,1
Севастополь.,1
тылу,1
Узда,1
Троцкого.,1
Красные,1
Вокруг,1
«Серебряного,1
наблюдателя,1
Волжская,1
метель,1
Волны,1
нами.,1
человекоуправляемые,1
торпеды.,1
Володька,1
Лень,1
Волхвы,1
войны.,1
богатырях,1
Волчок,1
"""Волчьи",1
Гитлер,1
forever,1
Волшебное,1
безобразие,1
Вольф,1
Воображаемые,1
сообщества,1
Вооружение,1
янычарского,1
Вооруженные,1
Юга,1
Октябрь,1
Январь,1
указующий,1
Вопросительная,1
Вопросы,1
Логика,1
намерений,1
логика,1
обстоятельств,1
"""Вопросы",1
ответы.,1
Первая,1
вооружённых,1
сил.,1
"""Воспоминания",1
(Царствование,1
буров,1
летчика-испытателя,1
крестьян-толстовцев,1
большого,1
деле,1
Засулич,1
Лунном,1
корабле,1
моем,1
П.А.,1
Столыпине,1
Николаевича,1
Врангеля,1
террориста,1
Восстание,1
Киргизстане,1
Судане,1
Спартака,1
Уильяма,1
Уоллеса.,1
[Стерлинг-Бриджское,1
поселян,1
1817-1831,1
Восстановление,1
нации,1
Запад.,1
сыска,1
Македонского,1
"""Восточные",1
добровольцы,1
вермахте,1
Восточные,1
единоборства,1
ордена:,1
ассасины,1
славяне,1
Батыя,1
Восточный,1
кордон,1
(Песни,1
черного,1
фронт.,1
гибель,1
реального,1
Вот,1
как,1
было,1
Воцарение,1
Романовых.,1
"""Вперед",1
Враг,1
всего,1
света),1
"""Враг",1
масонов,1
N,1
№,1
1.,1
Николае,1
Врать,1
врать?,1
П.,1
Серебренникова,1
"""Врачи",1
двора,1
Его,1
Императорского,1
Величества,1
Времена,1
выбирают,1
(интервью,1
Владимира,1
Буковского),1
времён,1
банкетов.,1
Политика,1
символика,1
одного,1
поколения,1
(1818—1848),1
Время,1
крестовых,1
кометы.,1
дождя,1
Моурави,1
Шамбалы,1
Всадник,1
головы,1
Все,1
великие,1
пророчества,1
Как,1
Всё,1
началось,1
Казани,1
великой,1
(сборник),1
всех,1
всех.,1
"""Все",1
Всевеликое,1
Всегда,1
надежда,1
примерах,1
Становление,1
государств,1
вопросах,1
ответах,1
тех,1
пиратства,1
6,1
2:,1
Средневековые,1
3:,1
XIX,1
Римский,1
период,1
история.,1
Древний,1
мирового,1
Всеобщая,1
права.,1
(второй,1
полутом).,1
Голливуд.,1
1919-1929,1
мифология.,1
III.,1
Божества иных народов,1
Богиней,1
героями,1
книг,1
вузов,1
дисциплины:,1
советских,1
участников,1
вторую,1
мировую,1
войну,1
1940-1941,1
правда,1
Русских:,1
два,1
свое,1
(Краткая,1
пистолета,1
(Избранные,1
страниц),1
Причины,1
война:,1
"""Вторая",1
ошибки,1
Второе,1
янычар,1
брак,1
царя,1
бивуаке,1
мессия,1
глазами,1
Третьего:,1
Эволюция,1
образа,1
общественном,1
фронт,1
зареве,1
ВЧК-ГПУ,1
историю.,1
"""Выбирая",1
"олигархов""",1
Выбитый,1
генералитет,1
"""Выбор",1
[Новое,1
Выбор,1
веры.,1
языческой,1
"""Выбор[Новое",1
гибнут,1
ВЫПУСК,1
2.,1
ПЕРВОБЫТНОГО,1
ОБЩЕСТВА,1
ЦИВИЛИЗОВАННОГО,1
(XXX,1
н.э.),1
ПРОБЛЕМА,1
ПОНЯТИЙНЫЙ,1
АППАРАТ.,1
ВОЗНИКНОВЕНИЕ,1
ЧЕЛОВЕЧЕСКОГО,1
Выстрел,1
«Ледоколу».,1
Виктор,1
Суворов,1
вечере,1
ответственности,1
Высшие,1
кадры,1
Вычеркнутые,1
жизни:,1
инвалидов,1
(1926-1945),1
"""Гвианские",1
жил,1
апостол,1
Где,1
немцы,1
она,1
Киеве,1
Новгороде?,1
Геббельс.,1
Портрет,1
дневника.,1
Гебист,1
магнетический.,1
Ю.В.Андропове,1
Гегель,1
Гелиогабал,1
Гелиополь,1
(Ретроспектива,1
будущее,1
Генерал,1
Бичерахов,1
Неизвестные,1
1917–1919,1
В.,1
Каппель,1
В.0.,1
Власов,1
Иван,1
Эрдели.,1
Страницы,1
Белого,1
Юге,1
генералом,1
Крисанов,1
Бакланов,1
Генерал-фельдмаршал,1
Роман,1
«Мы,1
пред,1
дрожит!»,1
Генералиссимус.,1
Генералов,1
похищали,1
Париже.,1
советские,1
30-е,1
Генералы,1
"""Генеральный",1
секретарь,1
КПСС,1
Генрих,1
Политические,1
"""Геракл",1
"""Героический",1
Українського,1
Визвольної,1
Герольды,1
«Наследия,1
увлажнения,1
Евразии,1
Cредние,1
Гетьмани,1
і,1
Січі,1
Гетьманська,1
Гибель,1
трагедии,1
(Золотая,1
Орда,1
Императорской,1
большой,1
конвоя,1
PQ-17,1
красных,1
моисеев.,1
Ютландском,1
"сражении""",1
Гибридная,1
Выжить,1
победить,1
Гид,1
ДЛЯ,1
Гиперборея,1
культуры,1
Гиперборея-98,1
стратегия,1
идет,1
угрожает,1
Чехословакии,1
выиграть,1
тюрьма,1
ГИТЛЕРОВСКАЯ,1
ЕВРОПА,1
ПРОТИВ,1
Третьего,1
Был,1
шанс?,1
Главная,1
проблема,1
профессия,1
ГРУ,1
волноваться,1
Главные,1
Главный,1
калибр,1
Гладиаторы,1
спираль,1
Глобальные,1
элиты,1
схватке,1
Глория,1
известия,1
Глупая,1
причина,1
Глупость,1
измена?,1
социал-империализма,1
Говард,1
Хед,1
интуитивный,1
Черный,1
Год,1
второе,1
1943,1
севере,1
Боевыми,1
Праги,1
ленинградки,1
день,1
Иисуса,1
света.,1
XVI—XVIII,1
1932–1933,1
1933:,1
рафтах,1
г,1
Бандеровскую,1
противостояния,1
(главы,1
Гордон,1
Лонсдейл:,1
Горение,1
(полностью),1
Горестная,1
Романовых),1
Горизонты,1
лабиринты,1
Город,1
мелодичных,1
колокольчиков,1
Ишиме,1
Оренбург:,1
Материалы,1
Северо-восточной,1
веков,1
правда.,1
Преступления,1
4),1
хлеб,1
снег,1
Сталинграда.,1
Горящие,1
огни,1
Кавказских,1
отдыхе,1
партийной,1
верхушки,1
Ленина,1
Хрущева,1
Господа,1
братцы,1
благословит,1
мое,1
(,1
Император,1
Государево,1
око.,1
Тайная,1
дума,1
Готская,1
Испания,1
Готы,1
банк,1
по-русски,1
Градостроительная,1
Испании.,1
1936-1939,1
Милюкова,1
1917-1922.,1
США,1
сѣверо-западѣ,1
Россіи,1
"""Гражданская",1
Генеральная,1
репетиция,1
демократии,1
Гражданские,1
Побежденные,1
Грандиозный,1
план,1
XX-го,1
столетия.,1
Грани,1
Граф,1
Никита,1
Панин.,1
Из,1
XVIII,1
"""Граф",1
Обоянский,1
Савва,1
Владиславич-Рагузинский.,1
дворе,1
Шарни,1
Графиня,1
Ламотт,1
ожерелье,1
Грач,1
весенняя,1
царство,1
1919–1922,1
Гренландия,1
Рим,1
Рим.,1
протяжении,1
12,1
Т.1.,1
Илиады,1
Парфенона,1
Антигоны,1
Сократа,1
Гривна,1
Распутин:,1
«великого,1
открытие,1
Грозная,1
дружина,1
опричнина,1
Грозный,1
1919-й,1
(Дилогия,1
С,1
М,1
Грузины.,1
Хранители,1
тупик?,1
Группа,1
«Вымпел».,1
Предшественники,1
создания,1
года,1
битва.,1
лет,1
залив,1
(II,1
дилогии),1
"""ГУЛАГ",1
(Главное,1
управление,1
лагерей),1
ГУЛАГ,1
ретуши,1
перелом,1
Грозные,1
Гуситские,1
(Великая,1
крестьянская,1
Густав,1
три,1
Ливингстон,1
(Жизнь,1
Скіфо-антична,1
доба,1
Робинзона,1
Крузо,1
составляющие,1
захватывающее,1
путешествий,1
частям,1
света,1
Дальний,1
гарнизон,1
Данило,1
Константинополя,1
Два,1
ледокола:,1
две,1
идеологии,1
моряка,1
сюжета,1
заданную,1
тему,1
трактата,1
правлении,1
книги,1
этюда,1
Достоевском,1
Двадцать,1
ступени,1
краткие,1
тайнах,1
Двенадцать,1
подвигов,1
Двести,1
(1795,1
первая.,1
дореволюционной,1
берлинском,1
бункере.,1
Энциклопедия,1
т.,1
яблоней,1
Девять,1
Дедушкины,1
рассказы.,1
Шотландии,1
немцев,1
Действующая,1
Декабристы,1
русское,1
общество,1
1814–1825,1
(XIII–XIV,1
Зорге,1
"""Дело",1
Деловая,1
1914,1
"""Демидовы",1
(Каменный,1
пояс,1
Демографическая,1
Демократия,1
(отрывок),1
Демон,1
театральности,1
Демянское,1
триумф,1
Сталина»,1
«пиррова,1
Гитлера»?,1
Денежно-весовые,1
домонгольской,1
средневекового,1
День,1
«N».,1
Суворова,1
«Д».,1
июня,1
влюбленных,1
народного,1
единства:,1
праздника,1
единства.,1
Преодоление,1
"""День",1
освобождения,1
Сибири,1
позора.,1
Перл-Харбор,1
День-М,1
средневековой,1
союзом,1
ДЕСТАЛИНИЗАЦИЯ,1
У.,1
ЧЕРЧИЛЛЯ,1
10.,1
Десять,1
которые,1
потрясли,1
двойным,1
прицелом,1
Дети,1
Детство,1
тюрьме,1
царском,1
престола,1
юность,1
принцессы,1
Ангальт-Цербской,1
человечества,1
данов.,1
саксов,1
националистических,1
формирований,1
территории,1
областей,1
возникновения,1
Джейн,1
Остен,1
(статья),1
Джентельмены,1
удачи.,1
чужих,1
морей.,1
маске,1
(Секрет,1
Гамона,1
Лапорта,1
Каулз,1
Джон,1
Кеннеди,1
Дзённік,1
Міхаіла,1
Фёдаравіча,1
ад,1
(начало,1
буржуазии,1
ДзесяцЬ,1
Диана,1
врага,1
Дивизия,1
«Герман,1
Геринг»,1
«Рейх».,1
Диво,1
корчма),1
Диггеры,1
города,1
Дикая,1
полынь,1
Диккенс,1
Диковинный,1
матросик,1
Диктатура,1
Ленин,1
сволочи,1
Диметриос,1
Плантагенетов.,1
Величайший,1
монарх,1
Крестовых,1
Династия,1
Ямато,1
Дионисий:,1
великий,1
тиран,1
Греции,1
Европе,1
Дипломатический,1
агент,1
Дипломатия,1
1939,1
годов.,1
Лекции.,1
(1919-1939,1
Руси:,1
Людовика,1
Безопасности,1
20/1,1
"""Диссиденты",1
Дифтерит,1
историческая,1
Для,1
Дмитро,1
Байда-Вишневецький,1
Дневная,1
поверхность,1
Верховского,1
гауптмана,1
52-я,1
истребительная,1
эскадра,1
фронте.,1
1942—1945,1
Закария,1
Микеланджело,1
Неистового,1
Троянской,1
чумного,1
Дневник.,1
ДНЕВНИКИ,1
Новые,1
доказательства,1
подтверждают:,1
прав!,1
"""Дневники",1
императора,1
Николая II:,1
ПОБЕД,1
Дни.,1
До,1
72-х,1
більшовиками,1
СССР!,1
после,1
Америку,1
Доктор,1
Документы,1
знать,1
V-XIII,1
Домострой,1
(Сильвестровская,1
Донские,1
казаки,1
портреты.,1
Дополнение,1
Отклики,1
пересмотру,1
хронологии,1
Допросы,1
сионских,1
мудрецов.,1
личности,1
Дорога,1
«западная»,1
стала,1
простор,1
Тмутаракань,1
1941-1945,1
Кацапстана,1
славы,1
революций,1
Доспехи,1
оборонительного,1
вооружения,1
ретуши.,1
"""Драмы",1
Древнегреческие,1
праздники,1
Причерноморье,1
факты,1
Древнерусское,1
церковь,1
Древние,1
исследований,1
крепости,1
славянском,1
мире.,1
I-X,1
реальность?,1
"""Древний",1
Китай.,1
Крит,1
повседневность,1
Рим:,1
мечта,1
золотом,1
падение,1
ДРЕВНИЙ,1
РИМ.,1
средневековая,1
IX—XVII,1
Полный,1
казачества,1
Месопотамия:,1
Российская,1
княжения,1
российского,1
кончины,1
великого,1
1054,1
монгольского,1
потомков,1
(IX-XII,1
вв.);,1
1263,1
междоусобиц.,1
Другая,1
войн.,1
Московского,1
царства,1
науки.,1
Аристотеля,1
"""Другое",1
небо,1
(Ложные,1
стереотипы,1
Друиды,1
Дубровицы,1
Душа,1
авианосцев.,1
Кульминация,1
герой,1
цариц,1
Евреи,1
передовой,1
народ,1
Земли?,1
в блокадном,1
Ленинграде,1
(персоналии),1
ЕВРЕИ,1
МАСОНСТВЕ,1
(Исторический,1
влиятельные,1
"""Евреи",1
Еврейская,1
традиция,1
культуре,1
пляске,1
смерти,1
столетие,1
Рузвельтом,1
Россию,1
артиллерия,1
Египет.,1
утерянной,1
мифология,1
"""ЕГИПЕТСКИЕ",1
Египтяне,1
операция,1
Еда,1
Единая,1
Единожды,1
предав.,1
Единственная,1
сверхдержава,1
свидетель,1
Следственный,1
эксперимент),1
степной,1
средние,1
древних,1
Ее,1
современную,1
Тараканова,1
Ежов,1
железного,1
лет.,1
Екатерина,1
мир:,1
Статьи,1
разных,1
семейство,1
Великая.,1
императрицы),1
Г.,1
А.,1
переписка,1
(1769-1791),1
династии,1
Валуа,1
Елена,1
Елизавета,1
Петровна.,1
современного,1
Тимофеевич,1
"""Ермак",1
Ермак.,1
Завоеватель,1
Сибирского,1
Если,1
б,1
заговорил,1
сфинкс...,1
бы,1
Естественнонаучная,1
деньгах,1
Еще,1
раз,1
Жаворонок,1
Жажда,1
заговоров,1
Депар,1
Жак,1
Отважный,1
Желтухинская,1
Жемчуг,1
Парлея,1
Жемчужина,1
Жена,1
бригадира,1
Женские,1
вспомогательные,1
службы,1
лики,1
столетней,1
выживания,1
Женщина,1
Жертвы,1
избежать,1
Ялты,1
КРОВАВЫХ,1
ГЕГЕМОНОВ.,1
7.,1
Жестокий,1
Жестокость,1
умер?,1
вода,1
Счастье.,1
Жизнь,1
гражданина,1
Сен-Жюста,1
"""ЖИВОЙ",1
МЕЧ,1
"""Живые",1
(Живые,1
Жидівська,1
автономія,1
Україні,1
Жизнеописания,1
«Ивана».,1
смерть,1
Ланского,1
ордена,1
Софьи-Шарлотты,1
труды,1
Клаузевица,1
"""Жизнь",1
удивительные,1
Карла,1
летчика,1
Марии,1
Медичи,1
палубе,1
ЖИЗНЬ,1
ПО,1
ЗАДАНИЮ.,1
«Зефир»,1
«Эльза»,1
Разведчики-нелегалы,1
жизни.,1
ждет,1
ту,1
сторону…?,1
художника,1
(Воспоминания,1
Строганов.,1
необычного,1
протопопа,1
Аввакума,1
АВВАКУМА,1
Жнива,1
вопроса,1
Жрица,1
тугов,1
Жуков,1
юг,1
i,1
дзiўныя,1
прыгоды,1
історії,1
ким,1
боролися,1
червоні,1
Opдa,1
городом,1
державу,1
обидно,1
десятью,1
миллионами,1
находке,1
черепа,1
записки,1
Венден,1
Замоскворечье,1
Замполит,1
ЗАНИМАТЕЛЬНАЯ,1
Занимательное,1
западное,1
христианство,1
Русь:,1
Белоруссия,1
Украина,1
славянофильство,1
обратной,1
перспективе,1
Политбюро,1
западными,1
соседними,1
труд,1
Записка,1
греческого,1
новой,1
"""Записки",1
Ермолова,1
Степановича,1
Жиркевича.,1
1789–1848,1
кавалериста.,1
Мемуары,1
Дмитрия,1
Александровича,1
Оболенского,1
Моро-де-Бразе,1
морского,1
Бухарском,1
ханстве,1
Манштейна,1
предков,1
экстремиста,1
ЗАПИСКИ,1
СТАНЦИИ,1
социалиста-революционера,1
инспектора,1
книжка,1
штабного,1
русско-японской,1
запорожского,1
археология,1
Затерянные,1
открытий),1
"""Затерянный",1
проиграла,1
Затянувшийся,1
Зауряд-полк,1
Англию!,1
"""Зачем",1
"написали""""12",1
"стульев""""",1
"?""",1
Соловки,1
была,1
нужна,1
власть?,1
Сталина?,1
Преступление,1
Защита,1
пытается,1
опорочить,1
судьбы.,1
миниатюры,1
Мелвилла,1
том,1
пятилетие),1
"""Зверь",1
Звіт,1
комісії,1
Дешена,1
Звучит,1
повсюду,1
голос,1
мой,1
Здесь,1
Зеленое,1
красными,1
белыми.,1
1918—1922,1
Английский,1
шпионаж,1
столетия,1
Хабаров,1
Юго-Западной,1
Земля,1
Жар-птицы.,1
Краса,1
былой,1
люди.,1
Каждый,1
своем,1
заселения,1
Эрец,1
освоения,1
Исраэль.,1
девятнадцатого,1
"""Земля",1
Раздора,1
Земной,1
круг,1
Земское,1
ополчение,1
1939-1940,1
гг,1
широкие,1
Злая,1
подводников,1
месяц,1
апрель,1
Зловещие,1
Антарктиды.,1
Свастика,1
вы,1
Знак,1
"""Знаки",1
Знакомство,1
Пушкиным,1
Знамение,1
Убийство,1
Ющинского,1
дело,1
Бейлиса,1
(Впечатления,1
Киевского,1
процесса),1
Знаменитые,1
партии.,1
хроника,1
Золото,1
Золотое,1
республики.,1
Завоеватели,1
любовь,1
гетто,1
быль,1
небылицы,1
Блоке,1
себе,1
вечный,1
поиск…,1
место:,1
Историко-филологический,1
сборник,1
шестидесятилетию,1
встали,1
остался,1
Иаков,1
один,1
сильно,1
И-16,1
Сталин.,1
Цитаты,1
Болотников,1
Стефан,1
«Пятой,1
Грозный:,1
поэт,1
«Синей,1
Бороды»,1
правитель,1
Грозный.,1
Море,1
Шуйский,1
Иваново,1
детство.,1
Иванъ,1
Ѳедоровъ,1
Игра,1
«секретики»,1
лисиц.,1
Великобритании,1
императоров,1
меча.,1
Предыстория,1
рыцарства,1
Идея,1
сибирской,1
самостоятельности,1
вчера,1
сегодня,1
упадок,1
полным,1
ветром,1
вы!,1
Хламида,1
Иезуитский,1
Иерусалим.,1
Автобиографии,1
Дневника,1
старого,1
'Записных,1
книжек',1
боя,1
бой,1
Пауло,1
Коэльо,1
Лондон,1
Записных,1
записных,1
Родины,1
наблюдений,1
прозой,1
недавнего,1
пережитого.,1
Е.Д.,1
христианского,1
мира?,1
Избранное,1
Избранные,1
произведения,1
духе,1
"""Изгнание",1
Чероки,1
Изгнанная,1
Полвека,1
эмиграции.,1
Изгнанники,1
Измена,1
Просвещения,1
Путешествие,1
Иисус.,1
тайне,1
Ил-2,1
Ил-10,1
Александрович,1
Диоклетиан,1
конец,1
Кассий,1
предвоенный,1
кризис,1
человек,1
сильной,1
воли,1
Траян,1
завтра,1
"""Император",1
Император.,1
Шахиншах,1
Императорская,1
кухня.,1
Императорский,1
Китай,1
покер,1
лицах,1
Всероссийская,1
Екатерина II,1
Императрица,1
(1729-1796),1
недруги,1
фавориты,1
Цыси,1
Путина,1
Империи,1
Хань.,1
смена,1
династий,1
(Части,1
1-3),1
4-7),1
Македонского.,1
Крушение,1
Догнать,1
Арабский,1
халифат.,1
Народная,1
"""Империя",1
степей.,1
Империя.,1
Марка,1
Храм,1
Сталина:,1
1930-е,1
Вассал,1
Инквизиция,1
Инквизиция:,1
страха,1
"""Инки.",1
Инки.,1
Быт.,1
Культура.,1
Религия,1
Исторический,1
XVI–XVII,1
биографии,1
службе.,1
Иной,1
1941.,1
реформы,1
земные,1
аборигены.,1
Иностранная,1
Иностранные,1
современность,1
Институтки.,1
Инструкция,1
внутренней,1
агентуры,1
собственность,1
закон,1
Интеллектуальный,1
капитал,1
Доминиканской,1
республике,1
1965,1
Интервью,1
1944-1945,1
Китайское,1
Иоган,1
Иосиф,1
беспощадный,1
(Джугашвили):,1
ночь,1
разведок.,1
1936-1945,1
Великий.,1
Двуликий,1
Иудеи,1
"""Искать",1
Искупление,1
Дабира,1
Искусство,1
Мира,1
преступлений,1
Цивилизация,1
Испания.,1
Испанская,1
Испить,1
чашу,1
Исповедь,1
"""Исповедь",1
меча,1
Испуг,1
Испытание,1
"""Исследование",1
I:,1
Исследование,1
Цивилизации,1
пространстве,1
феодального,1
(IX,1
половина,1
Исследования,1
статьи,1
управления,1
Петре,1
Великом,1
Исследователи,1
древностей,1
зла,1
Истоки,1
медвежьей,1
Срединной,1
письменности,1
школа,1
"""""Анналов""""",1
современной,1
буржуазной,1
московских,1
улиц,1
"""Историмор",1
Историософические,1
Письмо,1
письма.,1
география,1
Орды,1
XIII—XIV,1
колонизацией,1
Формирование,1
представлений,1
прошлом,1
украинофильская,1
пропаганда,1
реконструкция,1
восточных,1
славян,1
этнология,1
основы,1
геополитики,1
Нижнем,1
Новгороде,1
(фрагмент),1
Дона,1
Дона.,1
сентябрь,1
портреты,1
1613–1762.,1
1762-1917.,1
хроники,1
Николаем,1
1913-1933,1
Украины,1
двоечники!,1
очерк,1
буддизме,1
исламе,1
Афганистане,1
Церковной,1
унии.,1
происхождение,1
обозрение,1
ойратов,1
калмыков,1
Историческое,1
войск.,1
одежды,1
14,1
20,1
22,1
24,1
25,1
одежде,1
29,1
АБУЛФЕЙЗ-ХАНА,1
вторая),1
Англии,1
шекспировские,1
атомной,1
афганской,1
кукол.,1
конспекта,1
биологии,1
БИРМЫ,1
Бирмы:,1
краткий,1
тактики,1
ближнего,1
островов,1
бриттов,1
комментариями,1
бриттов.,1
в историях,1
(Главы,1
великобритании,1
Княжества,1
Литовского,1
Венгрии.,1
Тысячелетие,1
центре,1
Венеции,1
вестготов,1
(Geschichte,1
der,1
Westgoten),1
1081,1
Т.1,1
Т.2,1
ВКП(б).,1
Краткий,1
римских,1
девяти,1
томах:,1
четвертый,1
галлов,1
Германской,1
XXI,1
германского,1
Заволжье,1
зарубежных,1
стран.,1
Часть1,1
Учеб,1
1-12),1
Российского.,1
Иоанновича.,1
1584-1598,1
Георгия,1
Константиновича,1
Иоанновича,1
Василиевича,1
8.,1
XI,1
Грузии,1
(с,1
Юго-Восточная,1
Сфорца,1
Ответы,1
Ассирии,1
биографиях,1
булгарских,1
летописях,1
Тарихы,1
шестидневную,1
Европы.,1
Ястреба,1
казаков.,1
запорожской,1
общины.,1
учебное,1
культурология,1
повествование,1
пяти,1
Розенбаума:,1
монография,1
теория,1
религий,1
чудеса,1
Васьковской,1
Матери,1
1772-1991,1
Индии,1
Индий,1
Индонезии.,1
инквизиции,1
инквизиции.,1
Ирана,1
искусства,1
духа,1
испанской,1
кастратов,1
(XI,1
XIV,1
проблеме,1
этнокультурных,1
1569,1
магии,1
Ранняя,1
христианская,1
экспериментальной,1
Римская,1
россии,1
Малой,1
малороссии,1
Мальтийского,1
Мэйми,1
Грант,1
Рос.,1
хунну,1
Шумере,1
Нового,1
Возрождения,1
князе,1
Московском,1
Джо,1
осадном,1
сидении,1
Донских,1
казаков,1
скелета,1
ОРДЕНА,1
ТАМПЛИЕРОВ,1
пособие,1
права:,1
почты.,1
отравлений,1
яды,1
папства,1
1876 г.,1
Парижской,1
Коммуны,1
1871 года,1
полях,1
городских,1
летописей,1
дней.,1
под,1
знаком,1
покорения,1
правовых,1
учений.,1
юридических,1
наук,1
полковника,1
Джека,1
предпринимательства,1
работорговли.,1
Странствия,1
Антлантике,1
конспект,1
иллюстрациями),1
розги,1
жизнеописаниях,1
деятелей.,1
отдел,1
главнейших,1
рассказах,1
времен.,1
начало,1
20-х,1
X.,1
XII.,1
1749—1761,1
XIV.,1
11.,1
Алексеевича.,1
17.,1
1722–1725 гг.,1
императрицы,1
Алексеевны.,1
19.,1
Алексеевны,1
Анны,1
20.,1
Петровны.,1
23.,1
Елисаветы,1
1749–1755 гг/,1
1756–1761 гг.,1
25.,1
1761–1763 гг,1
27.,1
половине,1
1768,1
28.,1
1768–1772 гг.,1
29.,1
Ивановича,1
1584–1598 гг.,1
Бориса,1
Годунова,1
9.,1
все,1
темы,1
подготовки,1
ЕГЭ,1
стихах,1
Древнейшая,1
эпоха.(,1
40-5,1
тыс.,1
н.э),1
Книга-справочник,1
основным,1
вопросам,1
винокурения,1
потопа,1
второй,1
армии.,1
1:,1
1795-1830,1
литературы:,1
Романова,1
1900-1991,1
1900–1991,1
государство,1
Средних,1
ВЕКОВ,1
Под,1
общей,1
редакцией,1
Тайной,1
канцелярии,1
Петровского,1
Таурена,1
тела,1
История ТРИЗ,1
Турции,1
новое,1
философии.,1
Финляндии.,1
Линии,1
(Книги,1
Флоренции,1
5-8),1
франков,1
Франции,1
Франции.,1
Жанны,1
Версальского,1
договора,1
Наследие,1
Каролингов,1
хазар-иудеев.,1
высших,1
кланов,1
Халифата.,1
Ислам,1
чтения,1
Швейцарии,1
Швеции,1
лекций,1
экономических,1
учений:,1
Эфиопии,1
океаном,1
Т.II.,1
1868-1998,1
Т.І.,1
Японского,1
процесс,1
японского,1
История.,1
ГИА.,1
Христос,1
Исчезновение,1
Маркуса,1
О'Брайена,1
Исчезнувший,1
колыбель,1
поневоле,1
Италия.,1
Итальянский,1
Итог,1
Иудейская,1
Иудейские,1
Их,1
величества,1
пирамиды,1
позвал,1
горизонт,1
Ефремова,1
Ищите,1
Волка,1
Ищу,1
предка,1
Июль,1
Падение,1
Севастополя,1
Июльский,1
неудавшегося,1
покушения,1
1941-го:,1
большая,1
"""""забастовка""""",1
1941-го.,1
И. В. Сталина,1
Июнь,1
диагноз,1
Июнь.,1
80-летию,1
В.А.,1
Маклакова,1
древнерусского,1
вопросу,1
древнерусской,1
западу,1
Народ,1
язык,1
диссидентского,1
запрещении,1
началу.,1
суду,1
К.Минин,1
контексте,1
современности,1
огне.,1
Хроники,1
геополитической,1
катастрофы,1
Кавказская,1
Персидская,1
"""Кавказская",1
5.,1
Паскевича,1
пролилась,1
амазонки,1
Кавказский,1
рубеж.,1
Тьмутараканью,1
Каган,1
бек,1
"""Каганы",1
рода,1
разгром,1
Кадры,1
решают,1
Пугачев,1
немец-подпоручик,1
Шванвич,1
Казаки,1
Христовых,1
Казачество.,1
"""Как",1
взять,1
сочинял,1
прорвался,1
завтрашнего,1
солдат,1
жили,1
византийцы,1
верили,1
первые,1
христиане,1
плыть,1
президентом,1
избавиться,1
речей,1
«общерусской»,1
католическая,1
создала,1
компании,1
стали,1
великими,1
летали,1
научились,1
летать,1
Малая,1
польской,1
окраиной,1
маленький,1
мы,1
оболгали,1
великую,1
обуздать,1
олигархов,1
следствия,1
открывали,1
мороз,1
сильные,1
(Краткий,1
эволюции,1
римской,1
религиозности.,1
христианская),1
перевирают,1
Отечественной.,1
Пётр,1
усмирил,1
Европу,1
Аляску.,1
еще,1
можно,1
вернуть,1
странах,1
Сверх-Державой.,1
Клаус,1
тайной,1
спасти,1
заложника,1
строился,1
западный,1
капитализм:,1
голод,1
восстание,1
либералов,1
убивали,1
отца,1
убили,1
«Величайшая,1
геополитическая,1
катастрофа»,1
Ленин.,1
Откровения,1
смотрителя,1
Мавзолея,1
Черчилль,1
воевал,1
я,1
туристов,1
экране,1
Какова,1
цель,1
1939-го?,1
тлело,1
Какой,1
(Август),1
Календарь,1
(Апрель),1
Каменная,1
былого,1
величия,1
Железо,1
Камикадзе.,1
Эскадрильи,1
послание,1
океана,1
Капетинги,1
Франция,1
Капетинги.,1
раннего,1
христианства,1
13),1
Поль,1
Звезды,1
Капитолийская,1
волчица.,1
цезарей,1
Капитуляция,1
Кара-Даг,1
(путеводитель),1
Каравеллы,1
обряды,1
кризис.,1
Стюарт,1
Карл,1
атеиста,1
загадка,1
переворота,1
вв.).,1
Гудериана,1
КАТЫНСКИЙ,1
ЛАБИРИНТ,1
Катынь,1
"""Катынь:",1
Подлость,1
"""Катынь.",1
КГБ,1
гонка,1
юного,1
мотоциклиста,1
тигра,1
Код,1
Ельцина,1
"""Кое-какие",1
Кое-что,1
единстве»,1
Кожаная,1
воронка,1
Козацькі,1
війни,1
К.,1
Косинського,1
1591-1596,1
Козельск,1
древний,1
Кок,1
Баклана,1
Кокандская,1
Колдовство,1
300,1
Популярные,1
Конная,1
Белый,1
лик,1
вызов,1
реставрация,1
сага,1
борьба,1
XVI-XVIII,1
младенец,1
фоне,1
Королевство,1
вандалов.,1
Короли,1
Пятков,1
Савелий,1
Крамаров,1
странник,1
Короткий,1
блистательной,1
Короткое,1
блок,1
Коррупция,1
Короля-Солнце.,1
Никола,1
битва:,1
сторінки,1
історії.,1
Кортес,1
Космическая,1
империй.,1
Пенемюнде,1
Плесецка,1
Космические,1
Космонавты,1
Межпланетный,1
Костер,1
"""Красная",1
фурия,1
Буденный,1
белых.,1
1917–1922,1
щиты,1
бакен,1
Россiи,1
террор,1
1918-1923,1
флаг:,1
Франкенштейн.,1
эксперименты,1
Кремля,1
"""Красотка-еврейка",1
(Король-сердцеед,1
Кратер,1
Эршота,1
аргентинцев,1
трех,1
спецслужб,1
"""Краткая",1
веков:,1
КРАТКАЯ,1
ИСТОРІЯ,1
БУНТАХЪ,1
IX-XXI,1
курс,1
ВКП(б),1
ВОВ.,1
Наступление,1
маршала,1
Шапошникова,1
справочник,1
Крейсер,1
ранга,1
"Корнилов"""".",1
"""""Россия""""",1
(1895,1
Крейсера,1
произвол,1
Крест,1
"""Крёстный",1
отец,1
Березовский,1
Крестовые,1
Святую,1
сенью,1
походы.Миф,1
Крестовый,1
І,1
Сердце,1
Крестоносцы,1
(Гвиания,1
романа),1
Востоке,1
Крестьянская,1
Крестьянские,1
махновщины,1
антоновщины,1
"""Крестьянский",1
Крестьянский,1
Крещение,1
язычества,1
христианству,1
Кривая,1
Князья,1
Цари,1
(память,1
непогребенных),1
Кригсмарине.,1
Процветание,1
кризиса,1
"""Крила",1
України:,1
Військово-повітряні,1
1993–1995.,1
Сильвестр.,1
Криптоэкономика,1
алмазного,1
Фаррингтон,1
свидетельств,1
Атлантиде),1
Критический,1
официального,1
взгляда,1
Освенцим,1
химии,1
древнего,1
Античность.,1
Библия.,1
ночи,1
1937,1
Кремль,1
действия,1
подручные,1
(без,1
Кронштадт-Таллин-Ленинград,1
Балтике,1
Кронштадтский,1
мятеж,1
Круглые,1
суда,1
адмирала,1
Марс,1
Крупп,1
Крутые,1
«Красной,1
г.),1
Галлиполи,1
Крымская,1
1854-1856,1
империя.,1
слава,1
Черноморского,1
ханство,1
Ксения,1
Петербургская,1
Вавилона,1
первым,1
военным,1
атташе,1
выиграл,1
Вторую,1
дерзнет,1
сказать,1
добил,1
Россию?,1
кто,1
нашествие?,1
заставил,1
квантовой,1
гравитации,1
натравил,1
оставил,1
«варяжский,1
след»,1
Разгадки,1
вековых,1
поставил,1
Горбачева?,1
КТО,1
РЕПРЕССИРОВАЛ,1
СТАЛИН?,1
отъ,1
(не,1
Айны?,1
бороться,1
Российскую,1
Империю?,1
Кулау-прокажённый,1
БИТВА,1
Путеводитель,1
кочевых,1
Купец-меценат,1
Х.,1
С.,1
Леденцов,1
Оборона.,1
Герой,1
штурмовой,1
Лаптежник,1
«черной,1
смерти».,1
Обзор,1
немецкой,1
ходе,1
нацизма.,1
переписывает,1
Троцкий,1
Троцкий.,1
Большевик.,1
коммунисты,1
коне,1
"""Легенда",1
Легендарное,1
древности.,1
"""Легендарные",1
Святослав,1
Кремля.,1
Легенды,1
историографии,1
германском,1
фашизме,1
подземелий,1
«Идель-Урал»,1
Легион,1
Погони.,1
коллаборационистские,1
формирования,1
силовых,1
структурах,1
нацистской,1
э.),1
Легкие,1
германии,1
(1914,1
"""Легкий",1
Pz.,1
Лёд,1
глобальных,1
Ледовое,1
Ледяная,1
кровь,1
Ледяной,1
клад,1
Религии,1
Востока:,1
ранней,1
архаики,1
ЛЕКЦИИ,1
победы,1
Ленд-лиз.,1
Дороги,1
Россию.,1
поставки,1
(Глава,1
веку,1
семья,1
(Ульяновы),1
Март,1
зеркало,1
Ленин:,1
политический,1
портрет.,1
«Сим,1
победиши»,1
Соблазнение,1
создатель,1
Эмиграция,1
Ленинградская,1
утопия.,1
Авангард,1
Великого.,1
“Нептун”.,1
1909-1928,1
кайзера,1
Вильгельма,1
"II.""",1
"""Линейные",1
1911-1945,1
"гг.""",1
типов,1
«Лайон»,1
(1906,1
Линия,1
горизонта,1
отделился,1
Пар,1
Британской,1
проб,1
Тараны,1
величество,1
скорость,1
ужасные,1
Лист,1
Папі,1
Литва:,1
королями,1
Литература,1
Литературная,1
грехи,1
Фенимора,1
Купера,1
братство,1
Тортуги,1
Дикого,1
Поля.,1
Плугом,1
мушкетом.,1
Чорного,1
Лицо,1
ненависти,1
Лицом,1
Америкой,1
Жанне,1
дАрк,1
Конта,1
Личный,1
социальных,1
отношений,1
Лоббист,1
опасная,1
Ловушка,1
Дополнительные,1
(сетевая,1
версия),1
сюжет,1
воспоминаний:,1
российский,1
кинематограф,1
1990-х,1
"""Любовь",1
Любознательная,1
Бесси,1
Любящее,1
сердце,1
Ура,1
зі,1
страху.В,1
облозі,1
ложи.,1
Русские,1
чистой,1
совестью,1
XIII,1
зима,1
Мaздaк,1
Мадемуазель,1
Ленорман,1
автоматическая,1
сигнализация,1
воров,1
'Падающего,1
К',1
Максимилиан,1
Елены,1
Маленький,1
лодочник,1
Малиновий,1
южного,1
края,1
Малые,1
1920-1930-х,1
Малый,1
музей,1
(Сборник,1
статей,1
истоках,1
французской,1
революции),1
Мальвы,1
Мальдивская,1
Мальтийский,1
орден,1
Мальчики,1
Донской.,1
Мамонт,1
Мангазея,1
"""Маневренные",1
танки,1
Манзовская,1
восток.,1
1868,1
Манифест,1
усовершенствовании,1
государственного,1
Маньчжурские,1
правители,1
Мао,1
кормчий,1
"""Марк",1
Солонин,1
голоде,1
Маркиз,1
Сад.,1
Ксанаду,1
МАРКСИЗМ,1
БОЛЬШЕВИЗМ,1
Борман.,1
Неизвестный,1
рейхслейтер.,1
Мартовскіе,1
дни,1
Кавказ.,1
"""Маршал",1
Малиновский,1
Петербургском,1
заговор,1
Масса,1
крайне,1
Матеріали,1
Мата,1
Махно,1
Махновская,1
контрразведка,1
ДОБРОВОЛЬЦІ…,1
Машина,1
человека,1
Мая,1
Гродзеншчына,1
Маяк,1
ОУН:,1
убийств,1
Мгновенье,1
равнины,1
Медицина,1
Медичи.,1
Крестные,1
отцы,1
Бородинского,1
(Бородино.,1
белыми,1
красными.,1
интеллигенция,1
1920-1930,1
Гитлером,1
Украинские,1
повстанцы,1
"""Между",1
Марксом,1
трансформация,1
страхом,1
комплекс»,1
Харибдой.,1
Последний,1
выбор,1
Межконтинентальный,1
узел,1
Мейерлинг,1
Рудольф,1
Меликства,1
Хамсы,1
Мелкий,1
собственник,1
"""Мельпомена",1
Мемуары.,1
сословий,1
половины,1
Мёртвые,1
тайнике,1
Мессианское,1
наследие,1
востоковедных,1
исследованиях,1
Месть,1
Метательная,1
оборонительные,1
Методы,1
анализа,1
текстов,1
Метроном.,1
Меттерних,1
(Кучер,1
европы,1
лекарь,1
Меттерних.,1
Кучер,1
функционирование.,1
1917-1941,1
Меч,1
Довмонта,1
лира.,1
Англосаксонское,1
эпосе,1
огонь,1
Карабаха.,1
незнаменитой,1
1988-1994,1
Вячки,1
сквозь,1
владения,1
оружием,1
Христов.,1
Анжуйский,1
Мечаны,1
Мечта,1
Сон,1
Дебса),1
единстве.,1
Киевский,1
синопсис,1
(1674),1
Сантьяго,1
МИД.,1
Министры,1
дел.,1
Внешняя,1
Медведева,1
Микенцы.,1
Подданные,1
Миноса,1
Миллениум,1
тревоги,1
Минное,1
эскортные,1
Мины,1
веке:,1
трансформаций.,1
году,1
920,1
сотворения,1
то,1
ни,1
стало,1
коллекционера,1
мифах,1
пальцах,1
"ресурсы""",1
мировые,1
МИРОТВОРЦЫ,1
ТАЙНОЙ,1
Миссис,1
Мак-Вильямс,1
"""Миссия",1
"""""Алсос""""""",1
Мистерия,1
пирамид.,1
кладбищ,1
МИСТИКА,1
Мистическая,1
Мистические,1
Митридат,1
Римских,1
наша,1
война!,1
Митридатовы,1
Филипп,1
«Ледокола»:,1
№1,1
«немецких,1
«переодетых,1
красном,1
терроре,1
дворянстве:,1
Дворянство,1
привилегии,1
последнего,1
периода,1
глубокой,1
погромах.,1
Полтавской,1
лихолетья,1
Cмуты,1
Беларуси,1
расследование,1
(из,1
заговоры'),1
Гераніма,1
Млисс,1
Мне,1
приказал,1
ОН,1
МНИМАЯ,1
«ДРЕВНЕЙШАЯ,1
ЛЕТОПИСЬ»,1
хозяйства,1
Мобилизационная,1
хозяйственного,1
Сибири.,1
Программы,1
практики,1
(1920-1980-е,1
отречься,1
Ленина.,1
гении:,1
Винчи,1
Модернизация,1
тела:,1
национализации,1
Модные,1
магазины,1
модистки,1
Мое,1
кино,1
солдате,1
(сценарий),1
Может,1
изящной,1
словесности,1
быть,1
Мой,1
старый,1
сын,1
Моление,1
(Звезды,1
Самаркандом,1
Молодежь,1
ГПУ,1
совeтской,1
молодежи),1
Молодинская,1
Матильды,1
Молодые,1
Молчальники,1
Моммзен,1
Монарх,1
Монастыри,1
версия.,1
Монголо-татары,1
XIII‑XV,1
Монгольская,1
империя,1
Чингизидов.,1
Монгольское,1
иго,1
Конго,1
Монсегюр,1
катаров,1
Монтаньяры,1
Монте-Флетская,1
пастораль,1
(Как,1
старик,1
Планкет,1
ездил,1
храбро…»,1
Морально-боевое,1
надежды,1
80-х,1
Морские,1
XVIII-XX,1
кони,1
солдаты,1
Индию,1
Морто,1
Моряки,1
москализма,1
Москва,1
Подольск,1
"""Москва",1
акунинская,1
современника,1
Новой,1
Хронологии,1
реформ.,1
отмены,1
крепостного,1
гоголевская,1
дворянских,1
гнезд.,1
Красота,1
Москва:,1
кольца,1
столетий,1
Москва.,1
(Страницы,1
героической,1
защиты,1
Москвичи,1
москвички.,1
Иване,1
Грозном,1
Московия.,1
Московская,1
Новому,1
Московские,1
питерских.,1
Московский,1
университет,1
Московское,1
израильской,1
Моссад:,1
одни,1
белое,1
Мосты,1
Санкт-Петербурга,1
"""Мотив",1
шокирующая,1
Мракобесие,1
Мрамор,1
"""Мудрость",1
змеи:,1
Первобытный,1
Мужество,1
Мужик,1
Григории,1
Распутине,1
Музыка,1
Вахитов,1
Ататюрк,1
Мученики,1
Мы,1
арии.,1
должны,1
готовы,1
ко,1
оба,1
очень,1
победим!,1
Сальвадора,1
помним,1
Россiйской,1
вооруженной,1
советника,1
харизматик,1
Мягкая,1
сила,1
Германии:,1
Мятеж,1
главкома,1
Сорокина.,1
вымыслы,1
деятельность:,1
"Российского""""""",1
Н.А.,1
Львов.,1
Венок,1
новоторжских,1
волю.,1
революціях,1
1914—1921,1
років,1
броненосце,1
“Князь,1
"Суворов""""",1
(Десять,1
историческом,1
Пороге,1
"""На",1
горах,1
Эльдорадо,1
грани,1
Инцидент,1
«Пуэбло»,1
риска,1
Исток-речушку,1
линейном,1
мопедах,1
Океанских,1
подступах,1
Октября,1
правый,1
пути,1
архетипу,1
путях,1
материализма,1
распутье,1
руинах,1
ума,1
одно,1
горе,1
секретной,1
Величества.,1
полиции,1
сороковой,1
миле,1
фланге,1
Тайпале,1
Ереке,1
Набег,1
Наблюдения,1
жизнью,1
Наброски,1
солнцу:,1
имперское,1
мифотворчество,1
привело,1
Навстречу,1
неизведанному,1
смерчу,1
Навуходоносор,1
"""Навуходоносор",1
Навь-Явь-Правь,1
дугой,1
Наемники,1
Назойливый,1
завсегдатай,1
потери,1
вооруженных,1
сил,1
стран-участниц,1
людские,1
Наиш,1
ГІСТОРЫЯ,1
БЕЛАРУСІ,1
Наказание,1
жилищем:,1
Намедни.,1
эра-,1
1934,1
1935,1
1940,1
Наместники,1
наместничества,1
конце,1
Нанматал,1
Напасть,1
"""Наперекор.",1
исчезнувшая,1
дома.,1
«Я,1
Бонапарт,1
буду,1
драться,1
конца!»,1
корсиканца,1
Победителей,1
судят,1
Наполеоновские,1
Направление,1
НАРИС,1
ІСТОРІЇ,1
Нарис,1
найдавніших,1
кінця,1
ст.,1
майя,1
вв,1
Наска:,1
гигантские,1
рисунки,1
пьяных,1
Роберта,1
учились,1
Наследники,1
княжестве,1
СМЕРШа.,1
Наследство,1
Пик-Мика,1
Наука,1
Единства,1
Нацизм,1
Хорошо.,1
первых,1
наши,1
самосознание,1
"""Нацистская",1
Нация,1
Націоналізм,1
мореходства,1
опричнины,1
Ордынской,1
Начальник,1
Начальные,1
Начдив,1
Начны,1
Нью-Йорке.,1
Четыре,1
Суровые,1
законы,1
Нашествие.,1
"Вестник""""""",1
Наши,1
ставки,1
Не,1
Центральной,1
надо,1
цветов,1
Татьяне,1
опоздайте,1
последний,1
Небезосновательные,1
слухи,1
Небесный,1
механик,1
миру,1
Неведомые,1
иллюстраций],1
Невероятное,1
доктора,1
Лёба,1
Фанфана-Тюльпана,1
Фанфана-Тюльпана.,1
Невидимые,1
друзья,1
враги,1
Невидимый,1
свет.TXT,1
Невиновные,1
Нюрнберге,1
Слово,1
подсудимых,1
Невольник,1
мести,1
Хедина,1
Невядомая,1
Негеродотова,1
Скифия,1
земля,1
Неизвестная,1
1904-1905,1
поэта.,1
современников,1
царствование,1
Михайловича,1
угрозе,1
секретном,1
плане,1
империализме,1
национальном,1
сверхъестественном,1
литературе,1
свойствах,1
вещей,1
браках,1
СТАЛИНЕ,1
любовью.,1
Рассказы,1
Н.Ф.,1
тульского,1
сообщил,1
Образование,1
Обреченные,1
строй,1
лангобардов,1
Обыкновенные,1
материалы),1
Огнем,1
мечом,1
орлом»,1
львом».,1
1512-1634,1
Огненная,1
XIX—XX,1
веков.,1
митральезы,1
«Большой,1
Берты»,1
Огни,1
Огузы.,1
тюрков,1
Степи,1
Ода,1
Вьетнама,1
Одесса.,1
летопись.,1
камнем,1
"""Один",1
Один,1
борту,1
льдине,1
парусом,1
Одиннадцатый,1
удар,1
Одинокие,1
одиночестве,1
«Энтерпрайз»,1
Одиссея,1
варяжской,1
Однажды,1
Америке.,1
револьверов,1
Мура,1
сказал,1
Однополчане,1
Ожившие,1
Оживший,1
1938.,1
Окаменелый,1
Окаянное,1
время.,1
Океан,1
кораблик,1
Океанский,1
Оккультные,1
настоящего),1
Октябрьская,1
черных,1
Оллала,1
Ольга,1
Жеребцовой),1
Он,1
был,1
просторе…,1
Она,1
была.,1
Они,1
остались,1
«Антарктида».,1
Южный,1
Отто,1
волшебство»:,1
Нацистская,1
"""Операция",1
"""""Раскол""""""",1
ОПИСАНИЕ,1
монаха,1
Чан,1
сибири,1
"""Опиумные",1
европейцев,1
1840–1842,1
убедительная,1
вдохновенность,1
Опричнина,1
«псы,1
государевы»,1
Оптинские,1
1917-го,1
разбора,1
тибетской,1
пиктографии,1
Осквернители,1
(Тени,1
Останнiй,1
АРМІЇ,1
Остановить,1
танки!,1
Путина.,1
англо-французское,1
Северной,1
Латинского,1
Мюнхена,1
Токийского,1
залива:,1
нашествия,1
варваров,1
Возрождения.,1
1927–1945,1
Иллюстрированная,1
Скифии,1
неоконченного,1
кризиса.,1
1964–1994,1
кремлевскими,1
знанию,1
фараона,1
Хеопса,1
Нерона.,1
Отечественная,1
грозе,1
VI-X,1
флоте,1
"""Откуда",1
пошел,1
родом,1
варяжские,1
гости?,1
ПОЛЬШИ,1
(ТОМ,1
ОТПАДЕНИЕ,1
МАЛОРОССИИ,1
Отражённые,1
блюсти...Как,1
наставляли,1
"""Отрывки",1
Каманина,1
Отряд,1
особого,1
назначения.,1
штабс-капитана,1
Отстал,1
Вилле,1
Куусинен,1
(Основатель,1
Империи),1
Отцы-основатели,1
Отчаяние,1
(Кочевники,1
Отчизны,1
УПА,1
Офицерский,1
корпус,1
армии:,1
Социальный,1
состав,1
самопознания,1
ИИПН,1
Офіцерський,1
медведями,1
микробами.,1
пчелами,1
(Каменное,1
скальпами,1
1903—1914,1
разведки.,1
IX–XV,1
Трапезундской,1
чумы.,1
ОЧЕРКИ,1
материальной,1
Весьегонского,1
открытий,1
Географические,1
еврейского,1
Жукова,1
(год,1
Па,1
міфа,1
Пад,1
знакамі,1
Арла,1
1453,1
Римской,1
Падшие,1
родны,1
парог,1
"""Пакт",1
"""Пакт.",1
Вінницю.,1
в.),1
Бэттл,1
национально-освободительных,1
1917-1991,1
Пассионарная,1
Пастор,1
ущелья,1
Джекмана,1
Пастырь,1
добрый,1
могилу,1
митрополита,1
Иоанна),1
сокращениями),1
Патер,1
Никон,1
прудов,1
Вялікага,1
Княства,1
Літоўскага:,1
Пашка,1
Медвежьего,1
лога,1
Огонь,1
Пе-2,1
Отечественная.,1
Суровая,1
мировая.,1
Корни,1
1486-1494,1
научная,1
1854–1855,1
национальная,1
армия,1
Первые,1
снайперы.,1
«Служба,1
сверхметких,1
Мировую,1
войну»,1
Т-34,1
бронепоезд.,1
Двинска,1
Удар,1
(Повесть,1
будущей,1
урок,1
Перевал,1
Переводы,1
лицом,1
цехе,1
1942.,1
Когда,1
внезапности,1
уже,1
Третьим,1
Рейхом,1
Переносные,1
Черчиллем,1
Эттли,1
(июль,1
г. –,1
ноябрь,1
кварталов,1
Переходы,1
феодализму,1
"""Перечень",1
сведений,1
Переяславская,1
рада,1
Рада,1
историческое,1
значение,1
Переяславська,1
трагедія,1
Європи,1
Рада.,1
Перикл,1
разделения,1
Церкви,1
митрополии,1
Перипетии,1
гегемонии,1
берегах,1
Каспия,1
(1722-1735),1
Персия.,1
неоткрытой,1
Перст,1
Династии,1
Добрый,1
злой,1
Санкт-Петербург,1
благо,1
зло,1
Дорошенко,1
Петро,1
Конашевич,1
Сагайдачний,1
Печальная,1
Жаклин,1
Паскаль,1
Печенеги,1
"""Печенеги",1
Печоринский,1
роман,1
реки,1
Пиктская,1
хроника.,1
Пикты,1
Пилигрим,1
Пилоты,1
Рутенберг.,1
эмиграция,1
сионисту.,1
II:,1
Пионерская,1
Гизе:,1
Пираты,1
1575–1742,1
XVI,1
"""Пираты",1
Пирр.,1
"""Пиррова",1
"""Пискаревский",1
летописец.,1
Письма,1
Бичурина,1
Дагестана,1
Гаю,1
Юлию,1
государственных,1
делах,1
бур,1
народів,1
Плавание,1
"""ПЛАН",1
Елизавете,1
Вены,1
Шуберта,1
вермахта,1
РККА,1
королях,1
викингов,1
Каина,1
греческих,1
женщин,1
классическую,1
думы.,1
1993—2003,1
призму,1
наслаждений,1
древнегреческих,1
Риме,1
итальянской,1
(1900—1910),1
средневековых,1
монахов,1
Западной,1
Великолепного,1
Данте,1
стола,1
французов,1
Религиозных,1
Наполеоне,1
Фрейда,1
Похмелье,1
Погибшие,1
системе,1
русско-литовских,1
Красным,1
знаменами,1
маской,1
англичанина,1
насмерть!»,1
Подвиги,1
врачей,1
офицеров,1
крайнем,1
востоке,1
Подготовка,1
разработка,1
министерской,1
Поджигатели,1
Подлинная,1
святости,1
умолчаний,1
фальсификаций,1
Подлодки,1
кошме.,1
Ханы,1
казахских,1
степей,1
полюсу,1
миллионеры:,1
вся,1
архивах,1
площади,1
Поле,1
«володарів,1
степу»,1
«кіборгів».,1
ЦРУ,1
Ватерлоо,1
Политэкономия,1
мировым,1
лидером,1
индустриализма,1
провокаторы,1
Полковник,1
українського,1
державника,1
Пикар,1
Дрейфуса,1
"""Полководцы",1
Георгий,1
Мстислав,1
всерьез,1
завоеваний,1
книге,1
орденов,1
сект,1
Полное,1
Лукоморья.,1
сочинений.,1
07,1
08,1
соболином,1
1907,1
39.,1
Июнь-декабрь,1
42.,1
Ноябрь,1
1920,1
следу,1
истории:,1
"""Полный",1
СОЕДИНЕНИЙ,1
3–го,1
Рейха,1
«Украина».,1
Три,1
«Україна».,1
Галерея,1
Галичина,1
революції,1
Київський,1
патерик.,1
17,1
непростих,1
окраины,1
"""Проект",1
польского,1
сцену,1
Иоаннович,1
раскованный,1
Пронзенное,1
Прорваться,1
будущее.,1
рассвету!,1
Тютчев,1
России),1
Пророчества,1
(отрывки),1
Антона,1
Деникина,1
публикации,1
Фельшинским,1
Проходной,1
антисоветского,1
троцкистского,1
центра,1
(23-30,1
Процесс,1
Психологический,1
аспект,1
днем.,1
"""Путешествие",1
"""""Кон-Тики""""""",1
следования:,1
Российские,1
школьники,1
миграциях,1
Путин,1
песчаный,1
они,1
сразятся,1
равных,1
зеркале,1
"""ПУТЬ",1
АГРЕССОРА,1
Колу,1
ПУТЬ,1
срыва.,1
и шествие,1
в историю,1
словообразования,1
языка,1
ИЗ,1
ВАРЯГ,1
Земле,1
социализму,1
рабоче-крестьянский,1
союз,1
непройденный.,1
«перестройки»,1
Грумант,1
(Поморская,1
Феникса.,1
заговорили,1
миросозерцания,1
1836,1
(Предыстория,1
последней,1
галерея,1
Зимнего,1
дворца,1
Пушкинский,1
селе,1
Михайловском,1
Пытаясь,1
понять,1
Пьер,1
Суринэ,1
Пярсцёнак,1
Лёвеншольдаў,1
жизней,1
Сури,1
Пять,1
сталинском,1
(1928-1941),1
Фотоархив,1
Р-39,1
Рапорт,1
середине,1
Распад,1
Распутин,1
Рассказ,1
теренами,1
Река,1
Реконструкция,1
всеобщей,1
анализе,1
интервью:,1
тематические,1
доминанты,1
правителей,1
проклятого,1
Речь,1
Палате,1
Общин,1
Невилла,1
ноября,1
ваша,1
Решающие,1
социально-политической,1
Вечного,1
семи,1
царей,1
республиканского,1
правления,1
Марса,1
31,1
легионы,1
вне,1
полей,1
сражений,1
(Эпоха,1
воин,1
Киликия,1
74,1
Рина,1
Зеленая,1
Рисунок,1
Ритмы,1
Евразии:,1
1?,1
Босворте,1
Роковой,1
Король-рыцарь,1
коварный,1
интриган?,1
Робеспьер,1
жандарм,1
Меда,1
Гулливер,1
Рогссия,1
Родина,1
слоников,1
Родни,1
Стоун,1
Родовые,1
прозвания,1
титулы,1
битвах.,1
агентами,1
Рожденные,1
пламени,1
Рожденный,1
(Военные,1
Початок,1
революційної,1
стихії.,1
Сулейман.,1
Возлюбленные,1
Роксолана,1
Роль,1
врагом,1
императрицы.,1
дороге.,1
Путешествия,1
поездки,1
членов,1
семьи,1
первый,1
Ошибки,1
Семейные,1
Ромейское,1
царство.,1
роскилльская,1
государственность,1
терминах.,1
учителей,1
Места,1
Фотограф,1
афоризмах,1
полиция,1
"""Российские",1
предприниматели,1
Российское,1
местного,1
строительства,1
родина,1
Радио.,1
Украина.,1
Советский,1
2000-х.,1
1917-2000,1
подлинная,1
страшной,1
(1825-1855,1
в.:,1
путешественника,1
XX-й.,1
1939-1964,1
Европу:,1
Австрийское,1
выходит,1
океан.,1
Страшный,1
сон,1
гниет,1
была?,1
стравить,1
(От,1
Версаля,1
Версалю,1
Вильсона),1
вместе,1
Германия.,1
Союзники,1
геополитика,1
Европейский,1
Крымской,1
ислам.,1
мессианизм.,1
Бердяева,1
последние,1
Япония:,1
Узлы,1
противоречий,1
глубин,1
Политическое,1
цивилизационного,1
пороге,1
трети,1
рубеже,1
смутного,1
сдавалась.,1
открывает,1
(1732-1799),1
властью,1
старом,1
режиме,1
Наполеона:,1
РОССИЯ,1
опыта.,1
Том1,1
территорий,1
Погружение,1
бездну,1
Ротшильды.,1
Обряды,1
Русіфікацыя,1
беларускае,1
мовы,1
ў,1
БССР,1
супраціў,1
русіфікацыйнаму,1
працэсу,1
Русофобия,1
десять,1
Америка:,1
поселений,1
Аляски.,1
1867,1
открыть,1
позор,1
Америка.,1
боль,1
1914-1918,1
"""Русская",1
Вандея,1
1700,1
Игоря,1
Индия,1
деятелей,1
800,1
редчайших,1
иллюстраций,1
[без,1
кампания:,1
1905-1917,1
шпиономания,1
летопись,1
освободительная,1
педагогика.,1
повседневная,1
культурном,1
отношениях,1
Среднем,1
Поволжье,1
пытка.,1
Политический,1
сыск,1
«немецкое,1
золото»,1
революция.,1
Агония,1
власть.,1
1917-1918,1
удельно-вечевого,1
уклада.,1
тайна.,1
фашизм:,1
"""Русские",1
арийского,1
булки.,1
еды,1
Потерпевшие,1
победители?,1
Сикорского,1
Евпатий,1
диверсанты,1
«кукушек»,1
X-XVII,1
белорусы,1
братья,1
Семилетней,1
русскость,1
украинцы.,1
Братья,1
конвои,1
корни.,1
держим,1
Курилы,1
летописцы,1
деятельности,1
Макария,1
Шпицбергене,1
речные,1
1000,1
Квантунской,1
уголовных,1
процессах,1
куда,1
идем?,1
анархизм,1
XIX-XX,1
архив:,1
Берлин,1
(Красная,1
поверженной,1
Германии).,1
быт,1
любят,1
россиян?,1
голем,1
"""Русский",1
Севастополь:,1
Дьявол,1
Египет,1
капитал.,1
Нобелей,1
клуб.,1
код,1
анекдот,1
Холокост.,1
этапы,1
демографической,1
колыбель.,1
Русі».,1
Між,1
короною,1
арийская.,1
предков.,1
Забытые,1
боги,1
IX–X,1
веках.,1
призвания,1
полноте,1
Варяги,1
Польша.,1
вендетта,1
«Древняя»,1
Греция.,1
дата,1
Рождества,1
Христова,1
Колонизация,1
Русью-Ордой,1
Реформации.,1
ветхозаветный,1
страницах,1
Библии.,1
колыбельная.,1
Арктида,1
Мiровеева,1
(опыт,1
«исправления,1
огней,1
«псов-рыцарей»,1
Югом,1
рождалась,1
«Piдна,1
мова»,1
Новгородская,1
славянского,1
Рыбный,1
промысел,1
"""Рыцари",1
Христа.,1
Военно-монашеские,1
ордены,1
Рыцарские,1
доспехи,1
"""Рыцарский",1
турнир.,1
Турнирный,1
этикет,1
масоны,1
доспехи.,1
Святой,1
Рюрик,1
Рюриковичи,1
Рюриковичи.,1
Собиратели,1
'американец',1
Мирбахом,1
указаний,1
басмачеством,1
Св.,1
орбите,1
ПВО,1
Таймыром.,1
Немецкие,1
Арктике,1
женитьба,1
Сведения,1
профессоре,1
Возгрине,1
Е,1
Свердлов.,1
окнах,1
Светлокожая,1
Ли,1
Ван,1
Светлый,1
праздник,1
Светлячок,1
"""Свидание",1
Петербургом,1
(Гардемарины,1
Свидетель,1
Сводки,1
Грааль.,1
Франциск,1
Ассизский,1
заступники,1
Священная,1
римская,1
германской,1
Шамбале,1
Священные,1
мирная,1
передышка?,1
Сделка,1
сатаной,1
(30.10.1941—02.01.1942),1
Спецслужб,1
Предания,1
Севастопольская,1
ХIII-ХVII,1
Игнатьев,1
1915–1917,1
Нарбонна,1
Секретная,1
Рудольфа,1
Гесса,1
разведке.,1
Сергиев,1
Радонежский,1
Зураб,1
Церетели,1
"""Сердюков",1
Серебряная,1
спичка,1
Серое,1
Преосвященство:,1
этюд,1
политике,1
Серпухов.,1
49-я,1
Серые,1
кардиналы,1
Серый,1
волк.,1
Адольфа,1
Сесиль,1
Родс,1
близнецы,1
американцы,1
Сибирь,1
понаслышке,1
Сигнал,1
раскольников,1
Соловках,1
Сиерра-Морена,1
Символика,1
Гордый,1
Симон,1
Визенталь,1
фальшивый,1
охотник,1
нацистами,1
СИМОН,1
ДЕ,1
МОНФОР.,1
'третьего,1
'первый',1
2000),1
Синий,1
Шихан,1
Сионистское,1
Сиреневые,1
ивы,1
Сирийские,1
Сирия,1
казачьего,1
рамках,1
государственности,1
Запорожской,1
крамешники,1
здано,1
Скажите,1
«чи-и-из!»:,1
Сказ,1
турок,1
тосканскому,1
московии,1
Сказка,1
десяти,1
миллионах,1
"""Сказка",1
цитат,1
Смертельная,1
схватка,1
нацистских,1
вождей.,1
кулисами,1
Смертельный,1
шпионам!:,1
воскресение,1
Байрона,1
воскрешение,1
версии.,1
ещё,1
пирса,1
Смирительная,1
рубашка,1
звездам),1
Смоленская,1
нахмурившись,1
вперед,1
Смута,1
Средневековой,1
iмператара,1
чем-то,1
Собрание,1
фашистов,1
авиапромышленность,1
авиация,1
боях,1
Смердыней.,1
Февраль-март,1
послевоенные,1
водка.,1
этикетках,1
"""Советская",1
Национальный,1
антисоветские,1
ленд-лиза,1
"""Советские",1
асы,1
Советские,1
разведчики,1
Сталин–Хрущев–Берия–Горбачев,1
порядок,1
Союз,1
конфликтах,1
"""Советский",1
тяжёлый,1
Советско-Польские,1
военное,1
Возрождение,1
социалистическое,1
Современная,1
стратегическая,1
обстановка,1
Дальнемъ,1
Современные,1
школе,1
взаимоотношения,1
Линчующие,1
Штаты,1
Соединенные,1
возникнут,1
фундамента,1
социалистической,1
Соичиро,1
Сократ,1
"""Сократ:",1
"""Сокровища",1
британской,1
монархии.,1
Скипетры,1
гугенотов,1
(Варфоломеевская,1
Сокровища,1
творений,1
София,1
Софья,1
[с,1
Чаеню,1
Социально-политическая,1
Русском,1
ПОЛИТИЧЕСКОЕ,1
ЦИЦЕРОНА(статьи).,1
Социология,1
(Сравнительный,1
Сочинения,1
Сочинения.,1
звезды,1
агрессия,1
Встречная,1
плуга,1
Спартаковская,1
восставшие,1
рабы,1
(рассказы,1
памятников,1
1937-й.,1
закалялся,1
.,1
воздушно-десантных,1
войск,1
Сперанский,1
движения.,1
Контрразведка.,1
1918-1922,1
мудреца,1
"""Спираль",1
Балтийского,1
Московией,1
закончится,1
поэтом,1
Сравнительное,1
богословие.,1
Сражения,1
выигранные,1
Новый,1
взгляд,1
духов,1
вождей,1
Средиземное,1
Срединное,1
море.,1
Средиземноморья,1
Среднеассирийские,1
Англия.,1
400-1500,1
СРЕДНЕВЕКОВАЯ,1
ЕВРОПА.,1
ШТРИХИ,1
Исландия,1
Константинополь.,1
Дипломатические,1
отношения,1
"""Средневековые",1
замок,1
Средневековый,1
воин.,1
Средневековье.,1
сценарии,1
самозванство,1
осаде,1
БЕРИЯ,1
Брежневе.,1
преданная,1
Территория,1
«Вервольф»,1
Ставрополье,1
этноконфликтологический,1
тайные,1
вождя,1
хозяин,1
гробовщик,1
Армии.,1
виновник,1
Катастрофы,1
(Человек,1
истории),1
первого,1
мошенники,1
побери!,1
1937:,1
Независимость,1
мог,1
ударить,1
придет,1
Лубянки.,1
Сталин:,1
арктический,1
соколы,1
Анализ,1
маршрут,1
неонэп,1
преобразования,1
природы,1
Лучшие,1
спецоперации,1
Сталинское,1
метро.,1
путеводитель,1
Стальной,1
век:,1
Социальная,1
кит,1
повелитель,1
корабль,1
Станаўленне,1
польскамоўнай,1
эпохі,1
Рэнесансу,1
нации.,1
образования,1
Старажытная,1
Старуха,1
Миссисипи,1
Старые,1
Старый,1
полоз,1
слуга,1
СТАТИСТИКА,1
БЕЗОПАСНОСТИ,1
НА,1
1921,1
ГГ.,1
СТАТИСТИЧЕСКОЕ,1
Китайской,1
Туюк-мазара,1
Стая,1
ворон,1
гостинцем,1
Стенограмма,1
протокола,1
слушаний,1
сенате,1
Феномен,1
культур,1
Степные,1
деспотичный,1
баллады,1
Стихотворения,1
тайн.,1
реке,1
безумия.,1
Руандийский,1
геноцид,1
1994,1
поляне,1
Страбон,1
Страдающий,1
религиях,1
Страна,1
"""Страна",1
незаходящего,1
солнца.,1
Национальная,1
Третий,1
рейх:,1
победителем,1
бывает,1
краха,1
супердержав,1
легенде,1
Пособие,1
Странная,1
разведка:,1
британского,1
Адмиралтейства,1
Странные,1
нацисты,1
Вождя,1
Народа,1
Странствие,1
Судьбы,1
"""Странствования",1
Чайлд-Гарольда,1
(Песнь,1
III),1
Всего,1
"""Страсти",1
(Роксолана,1
Страсти,1
революции:,1
Нравы,1
информации,1
Страсть,1
Стратегии,1
гениальных,1
Стратегическая,1
1914–2008,1
нестабильность,1
ХХI,1
Стратегические,1
замыслы,1
Израилевна,1
ракурса,1
"""Стрелки",1
Шарпа,1
Строим,1
последовательную,1
версию,1
Струги,1
Красные:,1
ПОВСЕДНЕВНОСТИ:,1
возможное,1
невозможное,1
Студзянки,1
Стыкин,1
Су-25,1
«Грач»,1
Субмарины,1
минные,1
катера,1
южан.,1
«Gato»,1
Божий,1
Выпуски,1
12-22,1
23-34,1
братьев.,1
спишет»?,1
"""Судьба",1
Сулейман,1
«Великолепный,1
Султан,1
Сумерки,1
Сунгирская,1
лошадка,1
Схватка,1
львов.,1
Англо-голландские,1
титанов,1
причиной,1
Сципион,1
Африканский.,1
Победитель,1
Ганнибала,1
Аракчеева,1
Сын,1
племени,1
навахов,1
старика,1
Сэр,1
Найджел,1
Сюзи,1
(Трилогия,1
Сюита,1
«Ландшафт,1
Т-щ,1
Масарик,1
Та,1
царская,1
невеста,1
Тавриз,1
туманный,1
Тадж-Махал,1
сокровища,1
Таинственная,1
Полинезия,1
Таинственные,1
места,1
Таинственный,1
двойник,1
Тай-Пэн,1
Глеба,1
Лизюкова,1
нарциссов,1
(другой,1
107,1
печатями,1
золотых,1
актиний,1
Иоаннова,1
катыни,1
священного,1
колодца,1
храма,1
Цебельдинской,1
долины,1
яхты,1
«Полианта»,1
терроризмом,1
УБТ,1
ФСБ,1
90-х,1
"""Тайная",1
канцелярия,1
родословная,1
соучастия,1
(Перст,1
археологии.,1
проклятие,1
графини,1
(Бабушкин,1
1918–1920,1
пророков,1
Скифии.,1
Всемирного,1
донских,1
подводных,1
катастроф,1
души.,1
Урала,1
серебряного,1
христианские,1
смертей,1
поэтов,1
смутных,1
эпох,1
Старого,1
света.Заговоры.Интриги.Мистификации.,1
Границы.,1
Споры.,1
Обиды,1
ушедшего,1
финской,1
цивилизаций.,1
локальных,1
революционеров,1
"""Тайные",1
общества.,1
английской,1
Средний,1
настоящем,1
рейдеры.,1
Диверсионные,1
секты,1
настоящее,1
Тайный,1
Так,1
Размышления,1
минувшем,1
говорил,1
Тактика,1
броневыхъ,1
авиации,1
Таласская,1
36,1
н,1
"""Талия",1
волк,1
красные,1
дворяне,1
покоритель,1
'Алая,1
буква'),1
Тамплиеры,1
ассассины:,1
Стражи,1
небесных,1
Танки,1
Рейха.,1
Блицкрига,1
Pz.I,1
Pz.II,1
катастрофе,1
хлеб.,1
промышленности,1
идут,1
парадоксальные,1
рейды,1
Танковый,1
Микаэль,1
Виттманн,1
меч,1
Татары,1
мифы),1
Творцы,1
современное,1
Нерона,1
Сенеки,1
рыцари,1
Крах,1
Тегеран,1
1943.,1
конференции,1
тройки,1
кулуарах,1
Тед,1
Тернер,1
перевода),1
Текст,1
Северного,1
Тень,1
Налеты,1
Мазепы.,1
Украинская,1
(Геоподоснова,1
Теперь,1
этом,1
Тернистий,1
УНА,1
шлях,1
кубанця,1
Проходи,1
Терновый,1
венец,1
"""Терпсихора",1
инкогнита:,1
Терракотовые,1
фигурки,1
обезьян,1
Запрещенные,1
Террор,1
динамика,1
движении:,1
идеология,1
Террористическая,1
1878-1881,1
Террористы,1
охранка,1
полку,1
Тесей,1
Ромул,1
Тетрадь,1
занятий:,1
Повесть,1
найденная,1
47,1
Техника,1
2000,1
Техника:,1
"""Тиберий:",1
гамбит,1
Тигры,1
Тиміш,1
Хмельницькі,1
Тимофей,1
"""Титулы",1
ангел,1
походження,1
Товарищ,1
Павлик:,1
мальчика-героя,1
конца.,1
командиров,1
панцер-гренадерского,1
Фюрер».,1
1938–1945,1
конситуционные,1
плоскогорья,1
Суан,1
Короско,1
фельдмаршала,1
меняю!»,1
современность.,1
обязанности,1
взрослых,1
радости,1
старцев,1
"""Традиция",1
Траектория,1
судьи,1
Тридцатилетняя,1
Тринадцатое,1
Тринадцатый,1
знак,1
Тринадцать,1
трагедия,1
Трогательный,1
случай,1
Трое,1
бродяг,1
Троецарствие,1
Трон,1
Люцифера.,1
Краткие,1
ТРОПА,1
Тропа,1
Пай-таун,1
чашу),1
средневековье.,1
Разбор,1
откликов,1
Трудные,1
Трудовой,1
класса,1
материалам,1
отраслей,1
машиностроения),1
ГГ.(ПО,1
МАТЕРИАЛАМ,1
ОТРАСЛЕЙ,1
муж,1
Труды,1
Трупный,1
яд,1
Ту-2,1
очевидцев.,1
Тундра,1
Тупик,1
либерализма.,1
начинаются,1
Туполевская,1
шарага,1
Тухачевский,1
Тухачевский:,1
"""Ты",1
Советских,1
Вооруженных,1
Сил,1
невест,1
Тысяча,1
Рюрикова,1
"""Тысячелетия",1
Тэтчер,1
тэтчеризм,1
Тэўтонскi,1
Ад,1
Ерусалiма,1
[Ад,1
Ерусаліма,1
Тюрки,1
монголы?,1
Тюрки.,1
тюркских,1
Тяжело,1
ковалась,1
Тяжелый,1
воздух,1
государевых,1
дел,1
указано...,1
дальних,1
реализма»,1
(горьковская,1
концепция,1
новгородской,1
меж,1
греком,1
скіпетрами,1
Романових,1
Габсбургів,1
Понта,1
Эвксинского,1
пошуках,1
слонімскіх,1
скарбаў,1
стен,1
Смоленска,1
Кунст-Фише,1
рыбной,1
лавке,1
Генриха,1
графа,1
Мирбаха,1
императора.,1
Лермонтова,1
президента,1
Карно,1
Кеннеди.,1
Харви,1
Освальд,1
убийца,1
Убийца,1
всем,1
планеты.,1
Адронный,1
коллайдер,1
"""Убийцы",1
кодекс,1
РСФСР,1
"""Уголовно-исполнительная",1
розыск.,1
бала,1
&,1
1935.,1
Удары,1
господина,1
ла,1
Герш,1
Удача,1
Рейли,1
Удивительная,1
Уединенное,1
жилище,1
Ужас,1
расщелины,1
Голубого,1
Джона,1
Ужасный,1
Cоловецкого,1
переворотах,1
Гейтс,1
стремительный,1
страстный,1
Черчилль.,1
армию?,1
Украденная,1
субмарина.,1
К-129,1
Украденное,1
имя:,1
почему,1
русины,1
украинцами,1
2050.,1
Эволюционный,1
Януковича,1
страна?,1
одиночества,1
"""Украинская",1
Украинский,1
фашизм,1
документах,1
дій,1
Українських,1
Збройних,1
Рік,1
добу.,1
революційну,1
(3-тє,1
вид.,1
Українська,1
дивізія,1
«Галичина»,1
Повстанська,1
мілітарні,1
договір,1
реальність,1
Улицы,1
Архангельска,1
Харькова,1
Уловка,1
астроном,1
Гувером,1
Улыбки,1
воля,1
полководца,1
Умирание,1
Умученные,1
парадоксальная,1
техника,1
"""Уникальная",1
Униформа,1
Уничтожение,1
населения,1
украины,1
-1944,1
событий.,1
депрессии,1
Уроки,1
русского.,1
Исторически,1
Успехи,1
наследии,1
Устав,1
Организации,1
Объединенных,1
Устойчивое,1
Утопический,1
капитализм,1
реалистов:,1
построить,1
возмездие,1
Утраченное,1
звено,1
Ветер,1
красит,1
нежным,1
светом…,1
1920–1930-х,1
Уши,1
Дмитриев-Мамонов;,1
Тавриду,1
Васильчикова,1
и ложь,1
о Великой,1
Страстная,1
интриганка,1
Фантасмагория,1
Фашизм:,1
"""Фашизмов",1
много.,1
Фельдмаршал,1
Манштейн.,1
СОЗНАНИИ,1
эмиграции,1
аристократия,1
кальвинисты,1
Феодора.,1
Циркачка,1
Фиаско,1
Трусость,1
Фидель,1
время:,1
Финансовый,1
Карфагена,1
Финляндия,1
социологии,1
Финская,1
Бастионы,1
султана,1
(Тетралогия,1
1928,1
Формула,1
"""Фрагменты",1
IX-XVII,1
"вв.""",1
Франко,1
Франсуа,1
Вийон,1
Франц,1
научного,1
наследия,1
Франция.,1
вражды,1
королей,1
республик,1
Англии.,1
карьера,1
Дантеса,1
Индийского,1
революция:,1
портретами,1
барона,1
Сент-Илера,1
Французский,1
Арсаньевой,1
сундук,1
Филиппа-Августа,1
Французы,1
команчи,1
Фрегат,1
«Паллада».,1
Надежда,1
Фред,1
харизматический,1
добровольцах,1
Фрилав,1
"""Фронт",1
Фундамент,1
Хадж,1
Хайяма,1
Хазария,1
Каспий,1
Терек,1
Хазаро-еврейские,1
Хан,1
Кене,1
сверхдержавы,1
Ханаанцы.,1
чудес,1
ветхозаветных,1
Хетты.,1
Разрушители,1
Хидэёси.,1
дяди,1
идальго,1
Хитроумный,1
Москву,1
Хождение,1
Хозяин,1
русской?,1
бюрократия,1
модерна,1
"""Хозяин",1
Каменных,1
гор,1
Фолкэнбриджа,1
утверждение,1
Хоккей,1
моя,1
ветер,1
весны,1
Холодный,1
завершение,1
ХОЛОКОСТ,1
КРЫМУ,1
Холокост,1
Хотел,1
Беседы,1
Штрассером,1
"""Хоть",1
Храбры,1
леса,1
Теплоуховы,1
Хрестоматия,1
Том1.,1
культурное,1
Христианское,1
смысл?,1
Христианство,1
"""Христос",1
Тимур,1
ХРОНИКА,1
миссионеры,1
тактика.,1
Блада,1
либеральной,1
Мухаммеда,1
Тахира,1
ал-Карахио,1
дагестанских,1
окружения:,1
Демянск,1
польская,1
князей,1
Красноярском,1
1325–1340,1
необъяснимого,1
Хронико,1
удалось,1
отстоять,1
Хронография,1
"""Хрюки",1
III-II,1
происхождении,1
китайских,1
Хунхузы:,1
Этнический,1
бандитизм,1
Драма,1
Софии,1
Цареубийство,1
Цареубийца.,1
Маузер,1
Ермакова,1
ордынские.,1
ханов,1
Нева.,1
работа.,1
жертва,1
темной,1
Царские,1
междуречье,1
Оки,1
Ирод,1
Воплощение,1
невозможного,1
(Рим,1
пленница,1
корабли.,1
Цепная,1
реакция,1
идей,1
Цепные,1
Ватикана,1
Церковная,1
англов,1
варварство:,1
Закарпатье,1
Цикл,1
космических,1
катастроф.,1
Катаклизмы,1
Циклы,1
ЦИЛИНДРЫ,1
ФАРАОНА,1
Цитадель,1
Цусимский,1
Чадра,1
горестный,1
"""Частная",1
Частный,1
Часы.,1
часов,1
Чаша,1
комиссий,1
Че-Ка.,1
чрезвычайных,1
Человек,1
Отравители.,1
Безумцы.,1
бортом,1
бортом!,1
спиной,1
Солано,1
ищет,1
часами,1
Человек-легенда,1
"""Человеку",1
социальная,1
структура.,1
эпопея,1
Чем,1
гордились,1
люди?,1
Червоний,1
Голод.,1
Через,1
Карпаты,1
тернии,1
звездам,1
Черемисская,1
Черная,1
легенда,1
легенда.,1
княжество,1
Вашингтона,1
Черноморские,1
Черноморский,1
Черноногий,1
белый,1
Черносотенцы,1
Черные,1
стрелы,1
вятича,1
флаги,1
доктор,1
красная,1
звезда.,1
ЧЕРТЫ,1
НАРОДНОЙ,1
ЮЖНОРУССКОЙ,1
ИСТОРИИ,1
экспедиция,1
Честь,1
поход.,1
(Чешское,1
предательство),1
Чик,1
Боудри,1
техасский,1
рейнджер,1
модернизация,1
Чингиз-Хан,1
неожиданный,1
ракурс,1
Чингисиды,1
XV–XVII,1
просопографическое,1
написан,1
"""Читаем",1
"""""Слово",1
"Игореве"""".",1
"Лекции.""",1
Читая,1
каменную,1
Земли...,1
1663,1
Чорні,1
запорожці.,1
кінного,1
Чорних,1
запорожців,1
глаза,1
мои,1
видели,1
"""Что",1
держала,1
руке,1
Венера,1
думают,1
ученые,1
"""""Велесовой",1
"книге""""""",1
знал,1
(Восточная,1
сказка),1
знаем,1
чего,1
нужно,1
славянах,1
Венгрии,1
социализм?,1
Марксистская,1
версия,1
распознать,1
Чудo,1
Мидуэй,1
Чудо,1
злодеяния,1
финско-фашистских,1
захватчиков,1
Карело-Финской,1
Чужую,1
"""Шагин-Гирей",1
Шакир,1
Шерлок,1
Холмс,1
голов,1
Яд-Мордехая,1
Шесть,1
И.,1
Лениным,1
миллионов,1
Шеф,1
Мюллер,1
(Дневники),1
гестапо,1
Шквальный,1
Школа,1
"""Шпион",1
Шпионаж,1
"""Шпионский",1
Шпионы,1
1-10),1
мгновений,1
стороны,1
Штрафники,1
Карпат,1
Штурмовые,1
бригады,1
отряды,1
(СА),1
Нью-Гибсона,1
диссипация,1
каменной,1
дубинки,1
эстетики,1
Эвпатриды,1
"""Эд",1
Эдинбург.,1
"""Эйнштейн",1
Экзаменационные,1
"""Эксодус",1
Экспедиция,1
(1805-1807),1
Хиву,1
1873,1
году.,1
Джизака,1
Хивы.,1
цели,1
Эликсир,1
бессмертия,1
сдаются,1
Эллинизм,1
роль,1
Эллинистический,1
Эль,1
Гуахиро,1
(книга,1
Эль-Кано.,1
кругосветный,1
мореплаватель,1
осетин,1
Турцию,1
Эммануэль,1
Сведенборг,1
Эн,1
Рэнд,1
макроориентированный,1
заблуждений.,1
рейх,1
"""Энциклопедия",1
Эоловы,1
арфы,1
фантастике,1
"""Эпизоды",1
единства,1
Греческий,1
застоя.,1
личность:,1
Антон,1
Деникин,1
Куликовской,1
Плантагенетов,1
Валуа.,1
1559—1689,1
Рюриковичей.,1
свидание,1
Эскадренные,1
миноносцы,1
(1893-1920,1
Эскадрилья,1
биосфера,1
этносфера,1
Этнос,1
категория,1
ландшафт:,1
народоведение,1
явление,1
Этносфера,1
Этносы,1
«нации»,1
Этот,1
новый,1
трамвай,1
Этруски:,1
"""Этруски.",1
Фьерамоска,1
Этюды,1
багровых,1
тонах:,1
соседи,1
Эхо,1
альбом,1
Юг,1
писатель,1
Юлий,1
Маркса,1
Юридический,1
Андропов:,1
реформатор,1
Я,1
Вермахте,1
Акаси,1
Мотодзиро,1
Японский,1
тираy.,1
Нобунага,1
Ярмарка,1
предателей,1
Кошелек,1
