0,1
надежду,355
финал,243
говорят…,191
нить,187
предприятие,158
найти,156
Благоразумные,155
Дорога,138
В,116
"""2029:",111
Женщина,80
Скандал,75
Узница,67
Одинокая,66
"""Только",66
медведя,60
Прекрасная,60
каждого,56
Пережить,56
надежды,49
Терпеть,46
парень,44
одну,42
путешествие,36
Огненный,36
избежать,35
скрывает,35
Палас-Сити,33
Растет,33
ЕСТЬ,32
Out,31
легко,30
женщиной,30
дурман,30
Укрощенная,30
возможного...,29
Ночной,29
нимфой,29
солнце,28
Лед,28
Бесстрашная,26
прошлого,25
наваждение,24
И,23
накануне,22
Обаятельный,22
узнать,22
него,21
оазисе,21
Гранит,20
тебя,19
Мыса,19
высоты,19
Красавец,19
Молодость,19
султана,19
Спроси,19
Хрустальная,19
Восхождение,18
Крутой,18
Гостья,17
сюрпризов,17
птиц,17
Привилегия,17
След,17
реванш,16
то,16
обещание,16
Комната,16
Императора,16
боюсь,16
Раненое,16
счастливым,16
Ювелирная,16
эльфа,15
Вот,15
хороша!,15
разгадке,15
мог,15
Любовные,15
Мост,15
была,15
Винсема,15
доллар,15
любовь,14
всегда,14
плену,14
"""Все",14
розе,14
упрека?,14
Золотой,14
маркиза,14
Последний,14
Кейт,14
Брат,13
детством,13
(новеллы),13
два,13
Рождества,13
апельсинам,13
Гадание,12
Желанная,12
флейты,12
Теней,12
рядом,12
Красная,12
Лицом,12
Нежеланная,12
лик,12
мечтает,12
Саванна,12
Италии,12
Дженни,12
ссориться,12
Прочь,12
Сборник,12
пара,11
Влюбленный,11
началось,11
сила,11
Греческая,11
Желанный,11
гарема,11
"""Знай",11
Притяжение,11
утренней,11
Снежной,11
святилище,10
Искусство,10
предположить?,10
Лучшая,10
больше,10
терапия,10
эфире,10
Крэнфорда,10
маньяком,10
Приятные,10
Слова,10
Кэри,10
Уроки,10
Хорошие,10
ангел,9
шагах,9
ничего,9
Дерзкий,9
Дом,9
плоть,9
Его,9
знакомства,9
"""Медленно",9
новый,9
покидай,9
теряй,9
Поспешный,9
страсти:,9
"""Прощай",9
Связанные,9
Серебряная,9
Такая,9
Эллиот-мэнора,9
любимого,8
Возврата,8
мое,8
Глори,8
семейные,8
Дикая,8
супружество,8
Небо,8
удовольствие,8
Правдивый,8
уйди...,8
буги,8
Скажи,8
Среди,8
Суровый,8
Танцующая,8
жара,8
Обманчивое,8
Урок,8
Шторм,8
Белая,7
Брак,7
тирана,7
чуда,7
желаний,7
Воздушный,7
Время,7
Ричарда,7
Долгие,7
Единожды,7
песке,7
Уайлдера,7
Забытая,7
темном,7
мотивы,7
Карусель,7
принца,7
позовет,7
Королевская,7
мужчины,7
товаров,7
возлюбленная,7
Алла,7
быть!,7
башмачке,7
Отчаяние,7
Парижский,7
ужин,7
мотоцикле,7
Проснись,7
"""Прости",7
скажи,7
гнездышко,7
Снова,7
властвуй,7
имени,7
грехи,7
бабочки,7
рядом…,7
"""Узнай",7
Хрупкое,7
Школа,7
Эликсир,7
Берег,6
по,6
Брачный,6
твоей,6
Бухта,6
поцелуя,6
чар,6
врагом,6
выбор,6
мои,6
одуванчиков,6
Вихрь,6
поцелуй,6
перемены,6
ней,6
пары,6
Выгодная,6
Валентина,6
пятый,6
Ей,6
любит,6
Изгнанник.,6
кажется,6
пламя,6
зелье,6
Каридес,6
страшно!,6
игрушка,6
Магическая,6
"""Майорка",6
роса,6
чувства,6
мошенница,6
Евы:,6
Нечаянная,6
имя,6
навеки,6
Плохие,6
Побег,6
Повод,6
водопадом,6
В.,6
страсти.,6
одиноких,6
воспоминания,6
близнецов,6
Рози,6
Радзивиллов,6
Расписание,6
объятий,6
"""Солнце",6
случилось,6
Такие,6
никто,6
ВЕРНУЛАСЬ…,6
несносная,6
Английская,5
судьба,5
Аризоны,5
мной,5
Бурное,5
мачо,5
Памелой,5
Вернуть,5
Веронские,5
Веселое,5
чоловіки,5
времени,5
пришла,5
Волны,5
палитра,5
Лиз,5
выбирают,5
Второй,5
Выбор,5
Годы,5
одинокие,5
Горькая,5
сочинительница,5
роман,5
Мишель,5
Дитя,5
Вивальди?,5
Дядюшка,5
Забудь,5
прошлом,5
Замужество,5
Запретные,5
Зеркало,5
Знамения,5
другим,5
"""Каждый",5
Каприз,5
Розалинды,5
закончится,5
Командировка,5
Контракт,5
Королевское,5
снегу,5
Лишь,5
супермена,5
зыбучие,5
озарение,5
решает,5
единственный,5
Награда,5
Насмешница,5
сценарию,5
красном,5
раю,5
Неземная,5
Неясные,5
Никаких,5
год,5
Ночная,5
"""Ночь",5
Джонс,5
Пешка?,5
острова,5
ту,5
покровом,5
Прикоснуться,5
Примерь,5
днем,5
испытаний,5
никогда,5
пол»,5
вино,5
требуется,5
Суждено,5
Софи,5
Точка,5
Тяжкие,5
прозрение,5
августе,5
принцессой?,5
Хочу…,5
Шаг,5
напрокат,5
вас,5
секретарша,4
Быть,4
соблазна,4
хороши,4
за,4
Весенняя,4
иллюзия,4
школе,4
"""Вечный",4
влечение,4
Во,4
Возрожденное,4
Кэт,4
час,4
Воскрешение,4
арки,4
равно,4
нас,4
Вторая,4
Вынужденный,4
Горький,4
блондинки,4
музы,4
нужно,4
Деловая,4
Мороз,4
ли,4
незнакомка,4
Шахразады,4
Долгожданное,4
«Девяти,4
расчету,4
гордость,4
отдам,4
Заветная,4
Завоюй,4
Замуж,4
Энн,4
те,4
пустыни,4
все-таки,4
правилам,4
Играя,4
Офелии,4
Испытание,4
любви?,4
женихи,4
воздушного,4
солнечного,4
две,4
Клятва,4
искры,4
"""Коктейль",4
Колечко,4
Кольцо,4
интересов,4
тему.,4
Кроткая,4
Кружево,4
Легкая,4
дом,4
Личное,4
Лучшее,4
Любительница,4
интрижка,4
женат,4
Любовь…,4
Маленькие,4
Месяц,4
Мистер,4
«Я,4
надежда,4
большого,4
Назови,4
силах,4
отрекайся,4
магии,4
Обманутая,4
Обратный,4
Одной,4
Он,4
знойному,4
тьмы,4
Прекрасен…,4
Прелюдия,4
Рандеву,4
Распятое,4
Растопив,4
Ребенок,4
Реванш,4
Рецепт,4
крестьянском,4
раставайтесь,4
Секреты,4
Семь,4
Сила,4
Сильнее,4
волка,4
Снежное,4
Соблазненная,4
Соблазнитель,4
Соблазнительная,4
женись,4
каприз,4
забытья,4
Страшная,4
Судьба-укротительница,4
Сумерки,4
случайности,4
"""Там",4
нежное,4
ГРАНЬ,4
Требуется,4
Тропинка,4
Трудно,4
меня?..,4
Удача,4
Ужин,4
Учитель,4
неумолимой,4
возьми,4
(версия),4
Лука,4
не,3
чай,3
страсть,3
дела,3
огонь,3
Белокурая,3
танец,3
гардероба,3
счастью,3
счастлива,3
зеркале,3
любовном,3
ореоле,3
обмана,3
каплях,3
чудо,3
рыцарь,3
тайна,3
Взаимная,3
интерес,3
девчонка,3
я…,3
яблока,3
миллионер,3
Вне,3
(повесть),3
Врозь,3
Врунишка,3
еще,3
мира,3
виной,3
пламени,3
бывшим,3
Выстраданное,3
омела,3
Гордая,3
услада,3
закажем,3
поженимся,3
Далёкая,3
Дамы,3
Дарящая,3
Милане,3
стране,3
"""""Красной",3
высшего,3
кино],3
советница,3
лихорадка,3
ищет,3
кошка,3
Дождись,3
Доказательство,3
секрет,3
Жажда,3
бразильские,3
подруги,3
Адама,3
Заблудившийся,3
улыбайся,3
Завоевание,3
неизвестными,3
свободы,3
весь,3
Замок,3
сон,3
Золотоискательница,3
впридачу,3
цветет,3
любовь!,3
жена,3
Избранница,3
Иллюзия,3
суждена,3
страстью,3
"""Ищу",3
воды,3
мужчину,3
Кандейс,3
красавицы,3
вдвоем:,3
"""Клумба",3
мечте,3
фортуны,3
пурпур,3
волке,3
пантеры,3
Лоскутное,3
Лук,3
Лунная,3
любовники,3
магната,3
даст,3
«Розы»,3
побеждает,3
прекрасна,3
Эшли,3
Маскарад,3
Медовый,3
Между,3
Мелкая,3
Мелодия,3
твоя,3
мой...,3
Писатель,3
Мой,3
итальянец,3
лорд,3
чемпион,3
богиня,3
милая,3
Навек,3
Надеюсь,3
подход,3
сказочный,3
заметить,3
по-другому,3
уйти,3
учи,3
хочу!,3
птаха,3
(Австралийские,3
плохого,3
Нежность,3
Нежные,3
Незабываемое,3
Обманувшие,3
Образцовый,3
Обрученные,3
Однолюбы,3
Опасности,3
фей,3
надо,3
Первый,3
Письмо,3
ива,3
Пленительная,3
Пленница,3
конфликта,3
Побежденное,3
Повенчаны,3
Под,3
Близнецов,3
угрозой,3
Пора,3
автобус,3
честь,3
руку,3
Прилежная,3
Пропуск,3
Растопи,3
Джейка,3
Романтическое,3
Сад,3
Сады,3
Сама,3
планет,3
Сверкающие,3
очей,3
ангелом,3
дотла,3
завтра...,3
Сердитая,3
героя,3
прикажешь,3
весна,3
Сиротка,3
Сказочный,3
знакомые,3
Соблазнение,3
Создать,3
мечту,3
Сочини,3
Ставки,3
Купидона,3
Счастливая,3
вдвоем,3
знакомый,3
Танец,3
демон,3
(из,3
"""Тридцать",3
cолнце,3
Летний,3
Угадать,3
Удачный,3
Фантазия,3
Фарфоровая,3
Фонтан,3
Хочу,3
Цвет,3
полотенце,3
"шоколад"""")""",3
Щедрый,3
Эпилог,3
наша,3
похоже,3
кукла,3
году,2
Ангел,2
рекламного,2
синими,2
Ангелы,2
падают,2
небес,2
Ангельские,2
ночь,2
Апельсиновый,2
Аристократ,2
рябины,2
Джоша,2
(ЛП),2
координат,2
минут,2
жизни,2
нет,2
Безмятежное,2
Безумства,2
веревке,2
Бермудский,2
мужья,2
пари,2
Бессмертие,2
Бриллианты,2
со,2
невесты,2
нарциссов,2
Бухгалтерия,2
бывает,2
услуг,2
двух,2
реки,2
возможно,2
неге,2
омуте,2
памяти,2
"""В",2
исцеляет,2
мечтой,2
мести,2
любовник,2
жертвы,2
Венецианское,2
Венок,2
без,2
прямом,2
Вера,2
обманщик,2
декабре,2
Париже,2
отличница:,2
о,2
обман,2
веры,2
Винтервуд,2
"""""Фантазии""""",2
веснушек,2
над,2
сможем,2
все!,2
мы,2
леди,2
замуж,2
медальон,2
рассвет,2
Воплощение,2
грезы,2
звезды,2
надежд,2
Всё,2
могут,2
наоборот,2
так,2
сбудется,2
Снегурочки,2
"""Всё",2
лишь,2
одна,2
Всей,2
радуги,2
свое,2
Всесилие,2
Вспышка,2
вне,2
дерева,2
правда,2
есть,2
Выйти,2
меня!,2
Вьющиеся,2
Где,2
Банальный,2
Героиня,2
Главное,2
приз,2
шрам,2
холмы,2
соблазнов,2
Греховная,2
утехи,2
эхо,2
слов,2
Да,2
поженимся!,2
влюбляться,2
нам,2
Дама,2
Дарованная,2
Два,2
брызги,2
Две,2
Двенадцатый,2
и…,2
вал,2
старом,2
ТИГРА,2
крепче,2
предложение,2
Десять,2
Дефиле,2
Днем,2
До,2
тобой…,2
Книга,2
Долгожданный,2
Долина,2
Друзья,2
влюбленное,2
вторая,2
девушка,2
главная,2
избранник,2
поверь…,2
зима,2
Жемчужина,2
Женская,2
отца,2
Жребий,2
(Муки,2
опекун,2
Забытые,2
невозможно....,2
особыми,2
Завтрак,2
Загадка,2
замка,2
Задача,2
пари?,2
Закон,2
Закрытый,2
снов,2
Замуж?,2
влюблены,2
Запредельный,2
принцесса,2
шантажа,2
ладони,2
ждут,2
"""Здравствуй",2
Зеленоглазый,2
Зигзаги,2
Зима,2
бабочка,2
глаза,2
мало,2
она,2
уступила...,2
Играющая,2
поцелуями,2
ловушка,2
Оксфорде,2
тени,2
Из-за,2
Фрэнси,2
Извилистые,2
Изгнание,2
рая,2
Сан-Франциско,2
Интервью,2
ошибок,2
возбуждением,2
верности,2
прессы,2
дружбы,2
История,2
Исцеление,2
Итальянский,2
Их,2
вернуть,2
чудо),2
стать,2
укротить,2
дождя,2
Капризы,2
Карерасы,2
амазонка,2
жанра,2
Климат,2
Клуб,2
голливудских,2
десерт,2
Ключик,2
Ковчег,2
городе,2
счастливы,2
наступает,2
расчет,2
Колье,2
Корона,2
гамбит,2
непокорная,2
узы,2
Кто,2
прав,2
Кукла,2
Кукушка,2
Дорого,2
Курортная,2
Лабиринты,2
лагуна,2
хищник,2
Лекарство,2
одиночества,2
марта,2
Лили.Посвящение,2
Лиловая,2
Лимон,2
дракона,2
клятвы,2
миров,2
бывший,2
обязательно,2
ненавижу,2
западня,2
ошибке,2
сафари,2
ультиматум,2
обман?,2
горы,2
другие,2
короля,2
соседству,2
учебнику,2
прикрытием:,2
Рождество,2
(Сборник),2
взгляда,2
А,2
препятствия?,2
Не,2
найму,2
колдунья,2
кофейное,2
Малышка,2
Маятник,2
врагов,2
Менестрель,2
людських,2
Росселлини,2
безумие,2
тысячи,2
Фортуна,2
сестра,2
сестренка,2
сокровище,2
Фото…,2
нежный,2
Монте,2
единственная,2
любой,2
Наверстать,2
другу,2
Надежные,2
Наедине,2
Назвать,2
Нареченный,2
Куинн,2
Начнём,2
маленький,2
обо,2
оправданий,2
оглядывайся,2
спеши,2
такая,2
Невеста,2
Негаснущий,2
прихоть,2
Незабудка,2
дома,2
"""Нет",2
неприрученная,2
Неуловимый,2
Неуместное,2
Никому,2
Новогоднее,2
Новое,2
Новости,2
мудренее,2
О,2
ком,2
погоду,2
тиранах,2
Обманчивая,2
женской,2
сторона,2
Обрести,2
Ожерелье,2
звезд,2
статуя,2
Озеро,2
"""Он",2
Опальная,2
Опаляющая,2
магия,2
чувственность,2
приглашение,2
человек,2
Опозоренная,2
эти,2
Охота,2
олигарха,2
птицы»,2
после,2
правило,2
Переведи,2
Перед,2
орел,2
Пикник,2
выбору,2
звездам,2
зову,2
воспоминаний,2
экрана,2
венца,2
схватке,2
холостяк,2
Повенчанные,2
своим,2
Повторим,2
Погружение,2
лондонским,2
Креста,2
Подари,2
Порочная,2
Послевкусие,2
царя,2
Потерянный,2
Правда,2
скандал,2
повесы,2
гадалки,2
синего,2
свадьбу,2
Прикосновение,2
огню,2
моих,2
Принц-холостяк,2
печаль,2
звездой,2
Проект,2
Гамбрелли,2
прощайся,2
Процент,2
Прыжок,2
связи,2
Ребро,2
Редкая,2
Резюме,2
Репетиция,2
неправильной,2
Роман,2
последствиями,2
шутят,2
прекрасная,2
золушки,2
былой,2
скандалы,2
Свободный,2
Сдержать,2
Златовласки,2
Найтли,2
секретарши,2
(В,2
огне,2
продолжается,2
Сестра,2
золото,2
небо,2
Сияющий,2
взрослых,2
Сказочное,2
Сладкий,2
Слегка,2
Слишком,2
Сложная,2
Случай,2
Злой?,2
одного,2
барьеры,2
простыни,2
крепость,2
мираж,2
наяву,2
Соблазнить,2
Создание,2
сквозь,2
Соль,2
Соперницы,2
Сорвиголова,2
маркиз,2
яблоко,2
Ставка,2
Стань,2
Странник,2
Странное,2
Страстное,2
Багамах,2
Струны,2
Стукач,2
Судьба,2
Сумасбродный,2
Счастливое,2
случайный,2
проекте,2
окруженная,2
Тайный,2
знак,2
Так,2
угодно,2
соблазны,2
омут,2
кипения,2
Санчес,2
Анны,2
шага,2
Золушки,2
Турбулентность,2
Туфельки,2
Монти»,2
У,2
входа,2
соперниц,2
Убежать,2
Убежим,2
Уходя,2
УШЛА,2
Лауре,2
бархат,2
виноград,2
готовит,2
Психопат,2
Шалунья,2
оттенком,2
Шепот,2
грог(сборник,2
доме,2
Экзамен,2
поцелуи,2
письма,2
ребята,2
Дьюк,2
наш,2
несерьезно!..,2
тонах,2
Этюды,2
его!,2
отомщу.,2
подарю,2
Яблоко,2
бал,2
Ягодка,2
цветов,2
любви,1
ночи,1
с,1
дважды,1
Ангел-хранитель,1
(СИ),1
рюкзаки,1
[СИ],1
Аннабелла,1
Анонимная,1
тёмные,1
Апельсиновая,1
Апрельская,1
сказка,1
Арабские,1
Аргентинское,1
простушка,1
Арифметика,1
Аромат,1
гиацинтов,1
жасмина,1
нежданной,1
этих,1
роз,1
Асфиксия,1
Атака,1
Аукцион,1
свиданий,1
счастья,1
Афродита,1
из,1
"""Ах",1
Ахиллесова,1
пята,1
Бабочка,1
и,1
на,1
стекле,1
Бабушкин,1
подарок,1
Бабье,1
лето,1
Баловень,1
Балом,1
правит,1
от,1
Бегущая,1
богатая,1
девочка,1
Без,1
пяти,1
обаяния,1
Безжалостная,1
ложь,1
Безнадёжная,1
Безрассудная,1
Безрассудное,1
счастье,1
Безрассудный,1
поступок,1
Безрассудство,1
Безумные,1
мечты,1
полдень,1
Безупречный,1
ковбой,1
ворона,1
вуаль,1
камелия,1
грешница,1
Белый,1
нежности,1
Береги,1
свою,1
"""Берегись",1
Берегитесь,1
—,1
женщина!,1
Беру,1
попутал,1
Беседа,1
вечером,1
у,1
истина,1
Беспечный,1
Беспроигрышное,1
Бессердечный,1
Благоразумная,1
рецепту,1
умолчанию,1
по-сицилийски,1
дознания,1
Браслет,1
для,1
сюрпризом,1
Бриз,1
Бриллиант,1
в,1
пыли,1
самой,1
желанной,1
Бриллиантовое,1
кольцо,1
морозилки,1
Бросить,1
вызов,1
своему,1
Брось,1
судьбе,1
Брошенный,1
Брызги,1
шампанского,1
Будем,1
вместе,1
Будет,1
жарко,1
до,1
утра,1
что,1
вспомнить,1
Буду,1
тобой,1
самым,1
нежным!,1
Будущая,1
жизнь,1
Будущее,1
наших,1
Будь,1
рядом!,1
Или,1
моя,1
любимая,1
младшая,1
сестрёнка,1
моей,1
счастлив,1
Джулия,1
счастливой,1
будет,1
Буйство,1
страсти,1
Букет,1
новобрачной,1
фиалок,1
Букетик,1
флердоранжа,1
Бунтарка,1
влюбленных,1
Бывший,1
муж,1
Бывших,1
плейбоев,1
Была,1
бы,1
просто,1
Быстрый,1
Бюро,1
добрых,1
акварельных,1
оттенках,1
безотчетном,1
порыве,1
богатстве,1
бедности…,1
вихре,1
желания,1
главной,1
роли,1
канадских,1
водах,1
дельте,1
зеркалах,1
капкане,1
искушений,1
шотландцем,1
кольце,1
его,1
рук,1
твоих,1
конце,1
лавине,1
тропической,1
все,1
средства,1
медовой,1
ловушке,1
рубина,1
мечтах,1
всё,1
жарких,1
ощущений,1
объятиях,1
мстительного,1
нежного,1
искусителя,1
ожидании,1
рассвета,1
оковах,1
запретных,1
чувств,1
глаз,1
храня,1
паутине,1
греха,1
первый,1
раз,1
раз...,1
грез,1
запретной,1
сомнений,1
жены,1
поисках,1
сокровища,1
стороны?,1
ритме,1
смелых,1
сердце,1
Австралии,1
серебряных,1
сетях,1
жаркой,1
таинство,1
Великое,1
модель,1
Великолепная,1
век,1
Великолепный,1
,1
Величие,1
безбрачия,1
Венецианский,1
маскарад,1
Венский,1
вальс,1
Венчальная,1
свеча,1
Венчание,1
Верить,1
мне,1
Верни,1
объятья,1
Вернись,1
свой,1
Верность,1
сердца,1
красоту,1
удачу,1
друг,1
Верный,1
расчёт,1
ход,1
Вероника,1
звезду,1
"""Верь",1
только,1
"""Верю",1
Веселая,1
служанка,1
драйв,1
Весна,1
среди,1
зимы,1
Вестница,1
Весь,1
жар,1
путь,1
Ветер,1
крыльях,1
Ветка,1
омелы,1
Вето,1
брак,1
Вечер,1
встречи,1
выпускников,1
Вечная,1
Вечный,1
цветок,1
Взаимный,1
Взбалмошная,1
мною,1
Взрослые,1
игры,1
Взять,1
раз…,1
Вилла,1
моря,1
Вино,1
забвения,1
Виражи,1
Виртуальные,1
отношения,1
любові:,1
Вкус,1
"""Властелин",1
"""",1
Властелин,1
сердец,1
стихий,1
Властный,1
зов,1
Власть,1
женщины,1
непокорным,1
меня,1
незнакомца,1
Влюбиться,1
Вместо,1
свадьбы,1
провидения,1
Внезапно,1
власти,1
искушения,1
1-2,1
Водоворот,1
уваров,1
Водопад,1
Хаус,1
Возвращение,1
домой,1
к,1
прошлому,1
Линфорд,1
непокорного,1
романтика,1
падшего,1
ангела,1
Флоран,1
Возвращенная,1
замки,1
"""Возможно",1
Возможность,1
полюбить,1
спокойствия,1
Возраст,1
иллюзий,1
Возроди,1
карнавал,1
Возьми,1
собой,1
моё,1
Воинствующая,1
феминистка,1
Войди,1
мой,1
мир,1
двоих,1
(киноповесть),1
Вокруг,1
света,1
поездка,1
Волшебная,1
Волшебное,1
преображение,1
Волшебные,1
кони,1
Мирримы,1
очки,1
круиз,1
Волшебный,1
оазис,1
свет,1
лета,1
Вольная,1
птица,1
Воля,1
судьбы,1
Воплощенная,1
мечта,1
Вопреки,1
разуму,1
Вопрос,1
Воспоминания,1
Восточная,1
Восточные,1
Восход,1
океаном,1
Враги,1
свадебной,1
Временная,1
Временно,1
откровений,1
перемен,1
–,1
руках,1
вернётся,1
Все,1
или,1
как,1
вчера,1
короли,1
можно,1
исправить,1
во,1
Флоренции,1
вечеринки,1
наши,1
завтра,1
позволено,1
преграды,1
позади,1
сначала,1
это,1
Всего,1
один,1
время,1
Вслед,1
Вспомни,1
Вспомнить,1
простить,1
Встреси,1
Встретимся,1
полночь,1
вновь,1
Встреча,1
Второе,1
дыхание,1
жених,1
шанс,1
страстей,1
рай,1
Выбери,1
Клэр,1
партия,1
покупка,1
влюбиться,1
Гавайская,1
история,1
ни,1
был...,1
искать,1
прячется,1
невеста?,1
"""Где",1
ты,1
романа,1
Герой,1
романтик,1
ее,1
хроники,1
светской,1
Герцог-сердцеед,1
Гимн,1
Гирлянды,1
поцелуев,1
Главная,1
роль,1
диван!,1
Главные,1
слова,1
Глубокая,1
Говори,1
"""Говорят",1
боль,1
наследство,1
Голос,1
одинокого,1
Голоса,1
весны,1
Гони,1
месть,1
Горбатая,1
гора,1
Предубеждение,1
Гордые,1
Город,1
ангелов,1
Гороскоп,1
"""Горы",1
шоколад,1
Горячая,1
кровь,1
холодной,1
Горячий,1
Госпожа,1
Лорримор,1
Грехи,1
молодости,1
Греховные,1
напиток,1
ангелы,1
Грешные,1
Островского,1
Громкое,1
мотылек,1
Грязное,1
Гувернантка,1
нет?,1
"""Да",1
Давай,1
начнём,1
рискнем?,1
Даже,1
думай,1
хорошие,1
девочки,1
делают,1
Дай,1
волю,1
чувствам,1
Дайан,1
Левинг,1
Далекая,1
звезда,1
лодке,1
кинжала,1
Дар,1
предвидения,1
«да»,1
«нет»,1
дня,1
Венеции,1
невеста,1
купидона,1
Кристины,1
капли,1
море,1
"""Две",1
мамы,1
недели,1
половинки,1
помолвки,1
чаши,1
весов,1
Двенадцать,1
заветных,1
Дверь,1
закрытой,1
Двое,1
тихой,1
гавани,1
берегу,1
Двойная,1
Амелии,1
игра,1
Двойной,1
риск,1
Дворец,1
Девушка,1
шарфе,1
общества,1
татуировкой,1
Девятая,1
Девятый,1
Декабрьская,1
оттепель,1
Дела,1
любовные,1
женщина,1
Дед,1
соглашение,1
Деловое,1
Деловой,1
Демон,1
День,1
нашей,1
сбывшейся,1
ДЕНЬ,1
СВЯТОГО,1
ВАЛЕНТИНА,1
святого,1
Святого,1
[Как,1
главное,1
ДЕРГАТЬ,1
УСЫ,1
Держи,1
жениха!,1
"""Держи",1
ухо,1
востро,1
Держите,1
невесту,1
невесту:,1
Поменять,1
жениха,1
Золотое,1
Дерзкая,1
затея,1
скромница,1
Дерзкие,1
порок,1
дней,1
Дети,1
Детская,1
револьвером:,1
гамбургскому,1
счету,1
Джейн,1
Джокер,1
Джорджия,1
магнат,1
Дивный,1
сад,1
вишня,1
Ева,1
необузданная,1
роза,1
Для,1
кого,1
звучал,1
стюардессы.,1
Часть,1
1,1
ночью,1
Дни,1
под,1
шаг,1
Доверься,1
Догадайся,1
сам,1
Договоренность:,1
Семья,1
Ферро.,1
3,1
8,1
восход,1
Догоняя,1
закат,1
своей,1
совращение,1
новобрачных,1
моего,1
Дуновение,1
Дурман,1
характер,1
Дурнушка,1
Кейти,1
Духи,1
прекрасной,1
дамы,1
Душа,1
судьбой,1
Дуэт,1
"""Ева",1
Египетская,1
половина,1
главный,1
трофей,1
забавы,1
скрипачка,1
Мисс,1
Совершенство,1
Единение,1
девушки,1
(Новогодняя,1
сказка),1
Единственная,1
решение,1
день,1
Её,1
Величество,1
Любовь,1
Ее,1
загадочный,1
герой,1
приснилась,1
Если,1
знал,1
верить,1
поймет,1
любишь...,1
он,1
впору,1
любишь,1
я,1
Жар,1
Капакабаны,1
Холодного,1
ручья,1
Жаркая,1
неделя,1
схватка,1
Жаркие,1
Жду,1
души,1
Желтые,1
розы,1
Жемчужная,1
тропа,1
Жена,1
бывшего,1
друга,1
нагрузку,1
Женитьба,1
Жених,1
словах,1
Жених-бизнесмен,1
Жених-незнакомец,1
Женихи,1
Брэнсона,1
Женские,1
слабости,1
чары,1
шуточки,1
Женский,1
шарм,1
Женское,1
воображения,1
вкусе,1
чемпиона,1
против,1
солнечной,1
улыбкой,1
Жить,1
Журавль,1
гранью,1
"""За",1
любишь?,1
За,1
Забава,1
Забавная,1
Забавы,1
ради...,1
мою,1
прошлое,1
всем,1
Забытый,1
Забыть,1
невозможно,1
обиды,1
Заветное,1
чувство,1
Заветные,1
Заветный,1
талисман,1
Завещание,1
Завидный,1
Завоевать,1
Лауру,1
Завтра,1
наступит,1
сегодня,1
постель,1
Загадай,1
желание,1
Тициано,1
Загадки,1
"""Загадки",1
Загадочная,1
блондинка,1
Задание,1
проигравшего,1
многими,1
Заклинание,1
Заключим,1
Заколдованный,1
круг,1
Законная,1
наследница,1
Залив,1
Заложница,1
Заманчивое,1
наказание,1
Заманчивый,1
Замки,1
Афродиты,1
Гранаде,1
ключ,1
песка,1
большой,1
давнего,1
негодяем,1
шейха,1
что!,1
Замужем,1
Запах,1
сандала,1
Записки,1
Русалочки,1
Заповедник,1
Запоздалое,1
Запретам,1
вопреки,1
Запретная,1
сладость,1
Запретное,1
плод,1
Зараза,1
Заслуженный,1
доверие,1
Засранец,1
Застенчивая,1
грозой,1
Затихающие,1
крики,1
Захочу,1
Зачарованное,1
лес,1
Зачарованный,1
остров,1
Зачем,1
тебе,1
отдам...,1
Зачетный,1
Звезда,1
"""Звезда",1
неба,1
Звезды,1
сошлись,1
фея,1
Зеленоглазая,1
чаровница,1
Зеленый,1
Меган,1
Земные,1
радости,1
отражение,1
Зимние,1
обитель,1
Зимняя,1
плохой,1
Злодей,1
Злюка,1
"""Знаешь",1
парке,1
"""Знаю",1
Зной,1
Знойное,1
крови,1
Зов,1
минувшего,1
наслаждений,1
одинокой,1
Золотая,1
Венеция,1
стрела,1
Золото,1
Дюка,1
предательство,1
бутон,1
Золушка,1
миллионера,1
любить,1
люблю,1
долго,1
королевство,1
придачу...,1
никаких,1
сожалений,1
полцарства,1
придачу,1
пусть,1
шиповник,1
снова,1
весна…,1
правил,1
Игра,1
реальность,1
поле,1
по-шотландски,1
словами,1
стоит,1
свеч,1
Играем,1
карты,1
Игрушка,1
Джесси,1
Игрушки,1
Игры,1
Идеальная,1
свадьба,1
сделка,1
фиктивная,1
брак?,1
Идеальный,1
кандидат,1
план,1
Иди,1
Идиллия,1
Из,1
свет...,1
гордыни,1
Избранник,1
Евы,1
любовью,1
вулкана,1
Измена,1
груди,1
"""Или",1
Империя,1
красоты,1
Закрывайте,1
окна,1
идеальной,1
Искушение,1
Исполнение,1
Исправить,1
ошибку,1
Исправление,1
Испытай,1
Истина,1
Истинные,1
Истинный,1
незаконченной,1
Источник,1
восхитительной,1
неги,1
Итальянец,1
дурной,1
репутацией,1
Итальянская,1
элегия,1
благословила,1
Ищу,1
идеального,1
всю,1
алтарю,1
слова?,1
Каждому,1
«поймать»,1
мужа,1
Как,1
сказке,1
Валентина],1
себя,1
молчало,1
забыть,1
приучить,1
сбежать,1
угадать?..,1
попала,1
прекрасна!,1
Как-то,1
рождество...,1
Калейдоскоп,1
Кандидат,1
Каникулы,1
Монако,1
Капелька,1
брачную,1
Фортуны,1
Капризная,1
Караоке,1
Карезглазка,1
долг,1
-,1
святое!,1
Карточный,1
домик,1
Кастинг,1
Кийя:,1
Супруга,1
Эва,1
аллея,1
Классика,1
служебный,1
графства,1
Дербишир,1
Клетка,1
открытой,1
дверцей,1
Клонированная,1
любовь:,1
Инкогнито,1
мужчин,1
Клубника,1
Клубок,1
Ключи,1
сердцу,1
жаркого,1
озера,1
Клятвы,1
Коварная,1
Коварный,1
Ковбой-искуситель,1
Ковер,1
Когда,1
гаснут,1
огни,1
молчат,1
догорает,1
летят,1
мужчина,1
влюблен,1
были,1
падает,1
снег,1
подводит,1
смятение,1
душе,1
торжествует,1
рассеется,1
увижу,1
Кого,1
навестит,1
удача,1
"""Кого",1
выбрала,1
Код,1
Козырная,1
карта,1
Коктейль,1
Барби,1
Колдовская,1
Колдовское,1
блаженство,1
Колдовство,1
Колесница,1
замужем,1
Колокола,1
Колыбель,1
Вайвики,1
Колыбельная,1
Изабеллы,1
наследника,1
радуга,1
пальце,1
Контрольный,1
Королева,1
Королевский,1
размер,1
имеет,1
значение,1
Королевство,1
Король,1
«Эспады»,1
пленницы,1
Коронованная,1
Короткий,1
миг,1
"""Коррида",1
Корсиканский,1
Костер,1
Кошечка,1
Красавица,1
чудовище.,1
Вариации,1
характером,1
Красивая,1
обаятельный,1
Краски,1
Крем-брюле,1
Крепкий,1
орешек,1
Крепость,1
Крест,1
Круги,1
Кружева,1
Круиз,1
найдет,1
кого?,1
такое,1
сильнее,1
Куда,1
уходит,1
любовь?,1
Кузина-самозванка,1
качелях,1
Купидон,1
выходит,1
браку,1
Курортный,1
Лаванда,1
Лазурная,1
Ласковый,1
тиран,1
Легенда,1
Легкий,1
выигрыш,1
Легкокрылый,1
Легкомысленная,1
соблазнительница,1
Леопард,1
ДОЖДЬ,1
Летняя,1
примета,1
рапсодия,1
[Сборник],1
Лето,1
Альбаросе,1
женщину,1
лодка,1
ром,1
Линия,1
Лицо,1
лицу,1
босса,1
Ловушка,1
холостяка,1
Логово,1
Ложные,1
Ложь,1
благо,1
спасение,1
"""Ложь",1
Лоно,1
билет,1
9672,1
мире,1
Лучшие,1
друзья,1
Лучший,1
Нью-Йорка,1
Любви,1
скажешь,1
Люби,1
Любила,1
публики,1
Любимец,1
Любимица,1
учителя,1
вещи,1
Любимый,1
чужой,1
Любит,1
женщин,1
Любить,1
просто!,1
сложно,1
Люблю,1
Люблю...,1
атака,1
Любовная,1
головоломка,1
горячка,1
дуэль,1
мишень,1
связь,1
поневоле,1
Любовница,1
греческого,1
миллион,1
жена?,1
вызову,1
понарошку,1
собственного,1
Любовное,1
Любовный,1
треугольник,1
экспромт,1
яд,1
свадьбе,1
азартная,1
серьезно,1
бесценна,1
права,1
выбирает,1
двухлетней,1
выдержки,1
жива,1
лекарства,1
измена,1
прочие,1
неприятности,1
ревность,1
иллюзия?,1
исключается,1
чудовищу,1
между,1
строк,1
может,1
сдается,1
нечаянно,1
нагрянет,1
интернету,1
контракту,1
наследству,1
плану,1
подсказке,1
Новый,1
Разума,1
аукциона,1
акцентом,1
экстримом,1
сама,1
второго,1
солдата,1
старой,1
девы,1
трона,1
это...,1
Любовь?,1
Любовью,1
Магия,1
настоящая,1
притяжения,1
фантазий,1
Магнат,1
Маленькая,1
золотая,1
штучка,1
интригантка,1
ручка,1
художница,1
сводни,1
(Беглянка),1
Маленький,1
Маленькое,1
любовное,1
приключение,1
ночное,1
волшебство,1
Мало,1
сказать,1
«люблю»,1
отдела,1
дешевых,1
Мария,1
Петровна,1
Маркиз,1
Сорренто,1
"""Маска",1
Маски,1
плейбоя,1
Феликс,1
Маша,1
Мгновения,1
Медальон,1
бирюзой,1
месяц,1
гарантий,1
боссом,1
гордостью,1
счастьем,1
(Ванильный,1
вкус,1
небом,1
землей,1
(сборник),1
Мейер,1
Городская,1
белой,1
Мелодии,1
SMS,1
любимой,1
первой,1
по-голливудски,1
Мельница,1
лугу,1
зовут,1
Бренда,1
Меня,1
удержать,1
хранит,1
Мера,1
Мереживо,1
Место,1
солнцем,1
тореадора,1
Месть,1
Цезаря,1
Метаморфозы,1
Метель,1
Мечта,1
Миллион,1
шкатулке,1
беглянку,1
Милость,1
Милые,1
лжецы,1
пустяки,1
Мимолетная,1
Мимолетное,1
увлечение,1
Мир,1
волшебства,1
хочет,1
приключений?,1
Миссия,1
выжить:,1
Хранящий,1
тело,1
душу,1
Безупречность,1
Все-будет-по-моему,1
Младшая,1
жить,1
прожить,1
Мне,1
кутюрье,1
Модельер,1
Модельерша,1
Мое,1
зеленоглазое,1
(CИ),1
печальное,1
"""Может",1
да,1
Мозаика,1
граф,1
де,1
Бюсси,1
дневник.,1
дорогой,1
дневник,1
«негодяй»,1
любимый,1
босс,1
враг,1
доктор,1
милый,1
Молодожены,1
Монетка,1
Море,1
солнца,1
цвета,1
зимородка,1
"""Море",1
Мороженое,1
троих,1
Морское,1
половинка,1
Моя,1
Джин,1
праву,1
Муж,1
На,1
навсегда?,1
способна,1
празднике,1
языке,1
Наваждение,1
Навсегда,1
твоем,1
Навстречу,1
ветрам,1
завтрашнему,1
дню,1
Нагадай,1
Белоснежки,1
Надежда,1
Надежды,1
Надежное,1
мужское,1
плечо,1
объятия,1
Надо,1
Назовем,1
Анной,1
Найди,1
половинку,1
судьбу,1
себе,1
Найду,1
удержу,1
твой,1
след,1
Найти,1
семью,1
Счастье,1
7,1
Нам,1
помогла,1
опасения,1
Напрасные,1
упреки,1
придумаешь,1
Нарушая,1
правила,1
Нарушенное,1
Наследник,1
Наследство,1
Настоящая,1
полковник,1
Натали,1
Наука,1
обольщения,1
Научи,1
быть,1
слабее,1
Научить,1
тайнам,1
брака,1
Начало,1
начал,1
Начни,1
Наш,1
райский,1
зимняя,1
Наша,1
маленькая,1
Наяву,1
ближе,1
бойся,1
"""Не",1
бросай,1
верю,1
знаешь,1
играйте,1
кто,1
звал,1
могу,1
жениться,1
отпускай,1
отпущу!..,1
противься,1
прячься,1
мелочам,1
скрывая,1
смейся,1
любовью!,1
смею,1
любить…,1
смогу,1
сможешь,1
отказаться,1
сомневайся,1
спорь,1
строй,1
сходи,1
увянут,1
цветы,1
ускользай,1
хочу,1
слышать,1
Небесная,1
Небесные,1
алмазах,1
4),1
ладонях,1
брата,1
хрустальном,1
пару,1
напоказ,1
каталогу,1
доставкой,1
властелина,1
итальянца,1
Невеста-самозванка,1
Невзгодам,1
Невинная,1
роковая,1
Невыносимый,1
Логан,1
Негасимое,1
Нежная,1
соперница,1
глазах,1
Нежный,1
покровитель,1
Серый,1
шантаж,1
дни,1
Незабываемый,1
отпуск,1
Незаконченное,1
дело,1
Незапланированное,1
Незваный,1
гость,1
постели,1
Незнакомец,1
напротив,1
севера,1
Незнакомка,1
Незнакомый,1
голос,1
Джейнис,1
Нет,1
Неукротимый,1
ловелас,1
Неуловимое,1
совершенство,1
Неумолимый,1
Нефрит,1
встреча,1
Ни,1
покоя,1
Ниагара,1
бокале,1
обещаний,1
Никогда,1
выйду,1
уступлю,1
Новая,1
Кларк,1
Новобрачная,1
Новогодний,1
волка-одиночки,1
глазам(СИ),1
мелодия,1
блюз,1
острове,1
Ночь,1
поющих,1
Няня,1
подумать,1
Пьеро,1
любую,1
самом,1
главном,1
"""О",1
чем,1
Обжигающие,1
ласки,1
"""Обмани",1
ожидания,1
Обмануть,1
Обманывая,1
Обними,1
Обойдемся,1
Обольстительная,1
звездами,1
Образец,1
логики,1
ветром,1
вихрь,1
счастливый,1
Один,1
Одиннадцать,1
дождливый,1
вечер,1
Однажды,1
нашем,1
навсегда,1
летом,1
полюбишь,1
"""Однажды",1
Одни,1
целом,1
Франчески,1
Ожившая,1
Ожидание,1
мглу,1
лунном,1
свете,1
Озорной,1
купидон,1
Океан,1
Окно,1
Оковы,1
Околдованная,1
ловеласом,1
снами,1
Околдованные,1
Окольные,1
пути,1
Окрыленные,1
Окутанная,1
Омут,1
Опаленные,1
крылья,1
Опали,1
Опаловая,1
подвеска,1
Опасная,1
притягательность,1
Опасное,1
Опасный,1
соблазн,1
Операция,1
«Ребенок»,1
Опрометчивое,1
Опрометчивый,1
Оптимистический,1
Отпуск,1
голову,1
дракону,1
Отрываясь,1
земли,1
Офисный,1
Ох,1
уж,1
Ошибка,1
юной,1
Ошибки,1
Ошибок,1
Пари,1
Партнеры,1
Парус,1
«Голубой,1
Паруса,1
Пейзаж,1
при,1
закате,1
Пепел,1
Первая,1
Первобытный,1
инстинкт,1
Первое,1
танго,1
Париже:,1
Горечь,1
запретного,1
плода,1
Перевоспитать,1
охламона,1
Песня,1
Печаль,1
радость,1
Печать,1
Пикирующий,1
Пир,1
окончен,1
Плакучая,1
цель,1
Пламенное,1
Пламя,1
дьявола,1
свечи,1
План,1
возмездия,1
похищения,1
соблазнения,1
Плата,1
Плейбоев,1
ревнуют,1
Плейбой,1
мисс,1
Мейпл,1
сердцем,1
Плененная,1
невинность,1
явь,1
Пленительное,1
воспоминание,1
золотой,1
клетке,1
чтиво,1
По,1
велению,1
дороге,1
закону,1
мосту,1
через,1
пропасть,1
прихоти,1
сторону,1
полуночи,1
любовной,1
Повезло...,1
наверное,1
Повелеваю,1
стань,1
моей!,1
Повелитель,1
песков,1
Повелительница,1
дождем,1
победительница,1
Поверить,1
Поверь,1
прости,1
мне!,1
Повеса,1
Пуэрто-Бануса,1
встреч,1
Повторение,1
встречу,1
Повторный,1
звездным,1
знаком,1
лазурным,1
музыку,1
Ривьеры:,1
светлых,1
снегом,1
созвездием,1
Южного,1
шепот,1
океана,1
счастливых,1
Порочный,1
намек,1
Порт,1
Портрет,1
долгой,1
разлуки,1
шторма,1
Последняя,1
торопясь,1
Поспешное,1
замужество,1
Потанцуй,1
Потерянная,1
Потерять,1
последствия,1
сказочной,1
всех,1
Праздник,1
нечаянной,1
Превратности,1
Преданное,1
Предвкушая,1
желанный,1
Предел,1
мечтаний,1
Предлагаю,1
Предложение,1
Предначертанная,1
Предсказание,1
Предчувствие,1
Предчувствия,1
знойного,1
Прежде,1
расстаться...,1
"""Прежде",1
Преимущества,1
Преимущество,1
опасна,1
бунтарка,1
Препоны,1
Прерванная,1
музыка,1
Преступления,1
праздничный,1
Приговорен,1
красоте,1
высоком,1
замке,1
феи-крестной,1
Принц,1
Принцесса,1
дракон,1
Приют,1
поместье,1
Проигранное,1
амура,1
Проклятие,1
рода,1
любовь…,1
Прости,1
Просто,1
ответь,1
«да»!,1
удовольствия,1
Против,1
воли,1
Протяни,1
Прошлые,1
бездну,1
Пряный,1
Прятки,1
летать,1
Птица,1
так...,1
Пусть,1
Рай,1
земле,1
Райский,1
замком,1
Раненая,1
Распутник,1
Рассудку,1
Рассыпала,1
Растаять,1
ледяное,1
Растоптанная,1
Расчетам,1
Расширяя,1
Риордана,1
Лео,1
"""Ребусы",1
Ревнивая,1
Рейс,1
Рейчел,1
любви:,1
лакмусовая,1
бумажка,1
РЕТРО,1
"""Решать",1
Решение,1
выиграй!,1
Рискнуть,1
победить!,1
Романтические,1
сны,1
Романтический,1
поединок,1
шпионаж,1
Руководство,1
помолвке,1
Русалка,1
пруду,1
искусительница,1
Рыжеволосый,1
Рыцарь,1
Рядом,1
Адамом,1
красавцем,1
С,1
видом\xa0,1
"""С",1
Рождество…,1
любимыми,1
играй,1
годом,1
огнем,1
одиночеством,1
душе...,1
первого,1
риском,1
играют,1
прятки,1
тех,1
пор,1
край,1
света!,1
чужим,1
ребенком,1
Сага,1
безмятежная,1
Самая,1
длинная,1
дорогая,1
сексуальная,1
журналистка,1
соблазнительная,1
Самый,1
лучший,1
Сближение,1
Сбывшаяся,1
Свадебное,1
Молли,1
шоколадном,1
царстве,1
Свадьба,1
Декстера,1
Льюиса,1
колдуньи,1
препятствиями,1
губ,1
Свет,1
окне,1
луны,1
воде,1
любимых,1
Светские,1
манеры,1
подоконнике,1
Свидание,1
вслепую,1
незнакомцем,1
счастливая,1
Свободные,1
Сводная,1
ночной,1
клятвой,1
Святость,1
Сделка,1
Северное,1
заповедь,1
Сезон,1
Сейчас,1
Секрет,1
улыбки,1
её,1
успеха,1
Леди,1
потерянной,1
туфельки,1
свадебного,1
платья,1
скарабея:,1
Исповедь,1
журналистки,1
Секретарша,1
миллиардера,1
Секретарша-девственница,1
Секретное,1
оружие,1
блондинок,1
Валентино,1
Секретный,1
ключик,1
Секретов,1
более,1
Секс,1
сорок,1
счастья),1
шагов,1
семья…,1
Сенсация,1
Сентиментальная,1
сада,1
пятерых,1
Сердце,1
должно,1
забудет,1
лжет,1
"""Сердце",1
Сердцеед,1
Сердцеедка,1
Сердцу,1
Серебряный,1
звон,1
Серенада,1
воробышек,1
Серьёзные,1
Синее,1
"""Синее",1
Синий,1
бриз,1
Синица,1
Сияние,1
Нисе,1
седого,1
Сказка,1
Сказочные,1
королевской,1
семьи,1
Сладкая,1
Кальвоса,1
расплата,1
Сладкие,1
фантазии,1
Сладкое,1
Слезы,1
изменника,1
Слепая,1
Сливки,1
бурный,1
красив,1
богат,1
секретов,1
Слияние,1
одиночеств,1
океанов,1
было...,1
Сломанная,1
Батской,1
Случайная,1
Случайно...,1
знакомство,1
Случайное,1
Случайностей,1
Случайный,1
кофе,1
флирт,1
Слушай,1
Смелые,1
наездники,1
Сметая,1
боли,1
Смеющаяся,1
Смысл,1
Смятение,1
Смятые,1
курорте,1
Снежная,1
королева,1
"""Снежная",1
соната,1
Снежный,1
влюблена?,1
поверить,1
Сны,1
дубля,1
Саманты,1
беглянка,1
врага,1
Соблазняй,1
Современная,1
мадонна,1
Современные,1
рассказы,1
Привычка,1
Согласие,1
Согрей,1
Созвездие,1
он-лайн,1
неверности,1
Созданы,1
Сокровища,1
Стоунбери,1
Стоунберри,1
Сокровище,1
Солнечный,1
зайчик,1
Солнце,1
росы,1
ливня,1
губах,1
Сон,1
заснеженном,1
саду,1
Соната,1
Алисию,1
Сопротивление,1
замок,1
Сотворение,1
Сотки,1
Союз,1
любящих,1
шейхом,1
Спасенные,1
Спаси,1
своего,1
Ханны,1
Сплошные,1
Спой,1
Срочно,1
муж!,1
фаворита,1
Старинный,1
кулон,1
Старомодная,1
Стеклянная,1
орхидея,1
Стеклянные,1
реке,1
Столичная,1
Столкновение,1
побережья,1
Странный,1
поместье.,1
вторая.,1
Страсти,1
старинном,1
озере,1
очи,1
Страстный,1
призыв,1
Страсть,1
маленьком,1
продажу,1
запретом,1
сжигает,1
Страстью,1
опаленные,1
Страх,1
Стрела,1
Стриптиз,1
Строптивая,1
красавица,1
пленница,1
соседка,1
Строптивый,1
секретарь,1
прикосновенье,1
Сумасшедшее,1
уик-энд,1
миллиардерши,1
обязанности,1
Счастливчик,1
Счастливые,1
Счастливый,1
несчастный,1
случай,1
Араминты,1
Аманды-Джейн,1
где-то,1
подруга,1
Тайная,1
Тайной,1
Тайные,1
желанная,1
война,1
желанный…,1
Такой,1
Талант,1
поклонница,1
Талисман,1
Танго,1
Танцующий,1
своем,1
Татуировка,1
Тварец,1
культуры,1
Твое,1
Твоя,1
Тебя,1
заменит,1
Тёмные,1
Тени,1
ненавидишь?,1
грань,1
ТОНКАЯ,1
"""Тот",1
невозврата,1
соприкосновения,1
Традиции,1
семейства,1
идеальный,1
Требуются,1
родители,1
Трезвый,1
Трепетное,1
ожидание,1
Третий,1
лишний,1
Третьего,1
Три,1
любовных,1
1996,1
романа.,1
1995.,1
Сборник.,1
месяца,1
сказки,1
угла,1
Триумф,1
новой,1
дерзкой,1
скромницы,1
Трудная,1
сильной,1
Трудное,1
Туман,1
болотах,1
звездной,1
«Ле,1
Ты,1
вся,1
глупец!,1
самый,1
один...,1
Тысяча,1
свечей,1
просят,1
истоков,1
свои,1
законы,1
твои,1
очага,1
Эдельвейса,1
"""У",1
Убегая,1
Убежденный,1
холостях,1
Убереги...(новогодняя,1
миниатюра),1
Уберечь,1
Убивая,1
Увлекательная,1
Увлечение,1
"""Угадай",1
Удавшийся,1
розыгрыш,1
идея,1
проигрыш,1
Удержать,1
Удивительное,1
Уже,1
Узнай,1
Укрощение,1
Упоительные,1
гонщица,1
Упрямая,1
гувернантка,1
Упрямый,1
Утоли,1
Утро,1
Утром,1
"""Уходи",1
оглянись,1
НЕ,1
феи,1
Хозяин,1
райского,1
Хозяйка,1
выйти,1
ребенка!,1
Хранительница,1
пламенного,1
Хроники,1
династии,1
Риинер,1
Хрупкий,1
диких,1
Цветение,1
Цветок,1
груз,1
Ценный,1
Цепи,1
Цепь,1
измен,1
Цунами,1
Цыпленок,1
Чарующая,1
луна,1
Чарующий,1
странник,1
Чары,1
старинного,1
расследование,1
Частный,1
Чаша,1
Чемпион:,1
Держись,1
Город.,1
Первопричина,1
безумия,1
Черный,1
шелк,1
"""Черт",1
Четыре,1
кольца,1
Чистый,1
"""Что",1
было,1
Что,1
женщине,1
произошло,1
Чувственное,1
Чувственность,1
Чувственный,1
Чувствительная,1
особа,1
ЧУВСТВО,1
Чудовище,1
Чужая,1
Чужестранка,1
Чужое,1
навстречу,1
Салтильо,1
Шальная,1
Шанс,1
изменить,1
чудо...,1
переписать,1
Шантаж,1
Шафер,1
свадебная,1
Шейх,1
нежных,1
Шестая,1
Шестое,1
Шесть,1
Шипы,1
"""Шоколадный",1
"""""Горячий",1
Дельта,1
Венеры,1
дар,1
верность,1
Экзотический,1
Экзотическое,1
искушение,1
Экранные,1
сборника,1
шоколад),1
Экстаз,1
случайной,1
Экстремальная,1
Электронные,1
Элен,1
3.,1
первая,1
счастлива!,1
Жираф,1
Это,1
я!,1
ошибка,1
год!,1
несносный,1
алых,1
Эфир.,1
времен,1
Я,1
выбираю,1
Капри,1
мечтаю,1
научу,1
тебе!,1
ничья?…,1
ничья?...,1
"""Я",1
Прощу?,1
отступлю…,1
сведу,1
ума,1
слышу,1
тишину,1
согласна,1
ждала,1
таких,1
встречала,1
танцую,1
подожду...,1
покупаю,1
раздора,1
Яблоня,1
Яблочный,1
пирог,1
Янтарное,1
