"Шпионские штучки" и устройства для защиты объектов и информации,1996
«Левые взгляды» в политико-философских доктринах XIX-XX вв.: генезис, эволюция, делегитимация,
100 великих мыслителей,2009
«Афганский» лексикон. Военный жаргон ветеранов афганской войны 1979-1989 г.г.,
100 великих разведчиков,2007
50-мм ротный миномет обр. 1940 г. Руководство службы,1940
101 ключевая идея: Физика,2001
"Шпионские штучки" и устройства для защиты объектов и информации,1996
"Шпионские штучки 2" или как сберечь свои секреты,1997
100 великих курьезов истории,2013
"Шпионские штучки 2" или как сберечь свои секреты,1997
23-мм карабин специальный КС-23. Наставление,1988
100 великих чудес света,2009
101 ключевая идея: Эволюция,2001
100 великих футбольных матчей,2009
40-мм ручной противопехотный гранатомет 6Г30,
36,6 градусов. Искусство оставаться в живых!,2005
100 вопросов – 100 ответов. Хрестоматия,2013
500 возражений с Евгением Францевым,
1000 рецептов на скорую руку,2011
100 великих авантюристов,1999
«Места массового уничтожения евреев Крыма в период нацистской оккупации полуострова, 1941—1944. Справочник»,2005
9-мм пистолет Макарова (ПМ). Наставление по стрелковому делу,1982
The Art of the Kill,1993
Zvezdnyiy_volk_18_-_Terroristy_Kosmosa,
Visit Sunny Chernobyl: And Other Adventures in the Worlds Most Polluted Places,2012
Short Stories From Hogwarts of Power, Politics and Pesky Poltergeists,2016
500 советов пчеловоду,2013
7,62-мм автоматическая винтовка образца 1936 г. Описание,1937
1111 удивительных фактов, которых вы не знали,2017
7,62 мм снайперская винтовка МЦ 116М на базе спортивной винтовки МЦ 116 под патроны 7,62х54 мм Техническое описание и инструкция по эксплуатации,
12,7-мм пулеметы обр. 1938/46 г. и 1938 г. Наставление по стрелковому делу,1971
8000 рыбацких советов от знатока,
Tribute to My Weakening Memory,
120-мм миномет обр. 1938 г. Руководство службы,1957
3333 каверзных вопроса и ответа,2011
125 Запрещенных фильмов: цензурная история мирового кинематографа,2008
Stay Alive: The Best Knives and Top Tools for Survival,2012
Where Is Koba?,
SS,
The Book of Lists,2009
The Twilight Saga: The Official Illustrated Guide,2011
How to Avoid Being Killed in a War Zone,2011
Benefit of Russian,
Абрамов Александр – совладелец концерна Evraz Group,
Zvezdnyiy_volk_17_-_Voyna_s_zitadelyamy,
A Medical Story,
Абрамович Роман – российский бизнесмен,
93-мм реактивный пехотный огнемет (РПО-А),1989
200 drôles dexpressions,2015
Enciklopedio de Esperanto,
Weasels Luck,2005
Zvezdnyiy_volk_15_-_Bitva_za_imperiyu,
22 непреложных закона маркетинга,
100 магнитоальбомов советского рока,2003
Google Tag Manager для googлят: Руководство по управлению тегами,2018
Five Dialogs with Vasily Vasiliev,
Juan Salvador Gaviota,
2 в 1. Массаж. Полное руководство + Целительные точки тела. Полный справочник,2015
Glock: The Rise of Americas Gun,
Drink with CIA,
Авиация во второй мировой войне. Самолеты Франции. Часть 2,1996
20-мм противотанковое ружье РЕС обр. 1942 г. (системы Рашкова, Ермолаева, Слухоцкого) КРАТКОЕ РУКОВОДСТВО СЛУЖБЫ,1942
Агни Йога. Симфония. Книга II,1997
Lib.ru/Современная литература: Евпланов Андрей Яковлевич. Коллекционер,
Dictionnaire amoureux de San-Antonio,2017
5,45-мм пистолет самозарядный малогабаритный. Техническое поисание и инструкция по экспуатации,1979
My Jewish Education,
Азбука безопасности в чрезвычайных ситуациях.,
Акио Морита,
Meeting an Old Friend,
My Friend Dodik,
My First Job in America,
P-51 Mustang,2000
Drinks. Практический путеводитель. Крепкий алкоголь. Коктейли. Вино & пиво,2017
Алекперов Вагит – российский бизнесмен,
7,62-мм ротный пулемет обр. 1946 г. (РП-46). Наставление по стрелковому делу,1984
Актерское мастерство: самоучитель-справочник,
Adobe Audition 3 учебник,
Алекс Тротман,
Ad porcos,1967
Childrens Portrait Photography Handbook: Techniques for Digital Photographers[2nd edition],2010
Альтернативная гражданская служба,
Анатомия и морфология высших растений,2007
9-мм пистолет Ярыгина (6П35): характеристика, устройство и обращение с ним,2010
Chinese Stories (Alexander Matlin),
Dialog with a Child,
Premier bilan après lapocalypse,2011
Алан Фокс,
RFC 1918. Распределение адресов в частных IP-сетях,
Акционерные общества. ОАО и ЗАО. От создания до ликвидации,2007
7,62-мм автоматический карабин Токарева,1938
Адам Смит,
Ragnars Urban Survival,2000
Аллергия. Мама, хочу быть здоровым!,
Zvezdnyiy_volk_16_-_Synovya_zvezdnogo_volka,
Альбрехт Карл и Тео – основатели сети супермаркетов ALDI,
DEEP PURPLE. Короли Скорости,2003
Английский язык,
Ансофф Игорь,
Абдалла бен Абдель Азиз ас-Сауд – король Саудовской Аравии, миллиардер,
Альфред Маршалл,
7,62-мм ручной пулемет Калашникова (РПК и РПКС). Наставление по стрелковому делу,1971
Армия Наполеона,2004
Анатомия стиральных машин,2008
Анри Файоль,
Арома-рецепты на каждый день. 365 рецептов,
Армия сильна полковниками, или На чьих плечах можно поднять армию РФ,
Аншутц Филипп – промышленный магнат,
Андел Джей ван и де Вос Ричард – сетевики,
Арно Бернар – владелец Moёt Hennessy Louis Vuitton,
Артриты. Травы, которые помогут избежать операции,
Ален Пол – соучредитель Microsoft,
Афоризмы и мысли,
Афганский" лексикон. Военный жаргон ветеранов афганской войны 1979-1989гг.,
Астрологический прогноз для России на XXI век. Конец света отменяется!,
Афганский" лексикон. Военный жаргон ветеранов афганской войны 1979-1989гг.,
Астрід Ліндгрен. Карлсон прилітає знов,
Барбусы и разборы,1998
Батурина Елена – российский предприниматель,
Артриты. Травы, которые помогут избежать операции,
Бауэр Марвин – основатель McKinsey & Company,
Ахметов Ринат – украинский бизнесмен,
Баллмер Стивен – исполнительный директор корпорации «Microsoft»,
Астрология, автомобиль, водитель и безопасность вождения,2006
Астрід Ліндгрен. Малий і Карлсон, що живе на даху,
Афоризмы Британии. Том I,2006
Балансиры и безнасадочные мормышки,2005
Афоризмы и шутки,
Астрід Ліндгрен. Нові пригоди Карлсона, що живе на даху,
Dictionnaire amoureux de la France,2011
Астральный полет души на уроке физики,
Библиография,2001
Беспилотная авиация: терминология, классификация, современное состояние,2014
Боб Итон,
Библия автомобилиста,2005
Бизнес-планирование,2008
Беларускія пісьменнікі: 1917-1990,1994
Белорусско-русский словарь,
Безопасность дома своими руками,2013
Берхауз Фредерик Скиннер,
Боевая машина: Руководство по самозащите,1997
Боевая Машина: Руководство По Самозащите — 3,1997
Богл Джек – управленец инвестиционной сферы, основатель взаимных фондов,
Библиография,
Билл Гейтс,
Биопатогенные зоны – угроза заболевания,1993
Биография Борисоглебских улиц,1997
Боб Тиллман,
Боевая машина: Руководство по самозащите – 2,1997
Боец и отделение на походе,1941
Большая книга стервы. Полное пособие по стервологии,2007
Большая книга узлов. Рыбацкие, охотничьи, морские, туристские, альпинистские, бытовые,2014
Боевыя предпрiятiя соцiалистовъ-революцiонеровъ въ освѣщенiи охранки,1918
Больных. Тень познания,
Большая книга тостов,2000
Большая книга афоризмов,2007
Большой справочник симптомов,2014
Боевые корабли японского флота 10.1918-8.1945 гг. Подводные лодки,1999
Большой универсальный семейный сонник 10 в 1. 15 000 толкований снов,2013
Большой психологический словарь,2008
Большой справочник по массажу,2013
Большой психологический словарь,
Борьба с диверсантами,1941
Брин Сергей – президент компании Google,
Борьба с вертолетами,1984
В гостях,2008
В мире мечты (Обзор научно-фантастический литературы),1970
В защиту права (Статьи и речи),
Бразильская герилья (Краткий учебник городского партизана),
В начале было слово. Афоризмы,2005
В мире фантастики. Обзор научно-фантастической и фантастической литературы.,
Брэнсон Ричард – владелец Virgin,
Ваше имя и судьба,2015
Веблен Торстейн,
Вексельберг Виктор – российский предприниматель,
Великая криминальная революция в России; Мафия у власти,
Азбука хороших манер для настоящей леди,2013
Название этой книги говорит само за себя. Она для тех, кто хочет позаботиться о самозащите, заранее изучив возможности реального противодействия разным преступлениям против личности.,1992
Терроризм и террористы. Справочник,1999
Великие тайны золота, денег и драгоценностей. 100 историй о секретах мира богатства,2012
Великие аферы XX века. Том 2,2004
Великие аферы XX века. Том 1,2004
Великие ученые. Справочник школьника,2007
Агни Йога. Симфония. Книга III,1999
Автомат Федорова,1923
Азбука детского здоровья,2010
Вина Бордо,2006
Влияние веры на военное дело, или О силе, делающей воинов необоримыми,
Военный жаргон ветеранов афганской войны 1979-1989гг.,
Вооруженные Силы СССР после Второй Мировой войны: от Красной армии к Советской,2013
Вопросы ответственности за имущественные преступления,2014
Время и бытие,
Все по науке. Афоризмы,2005
Винный гид покупателя,
Витаминный морс, квас и брага из сосновой хвои,1944
Все о грибах. Рецепты. Виды. Советы,2013
Все о недвижимости. Покупка, продажа, налоги, аренда, наследование, дарение,2015
Винтовочные гранатометы ВГ-44 и ВГ-45. Краткое руководство,1951
Все об Испании,2006
Все о льготах для пенсионеров,2014
Все, что будущая мама хочет знать, но не знает, у кого спросить,
Вселенная трансформеров (без иллюстраций),
Англо-русский словарь по рекламе,
Всеобщая история архитектуры и строительной техники. Часть 1. История архитектуры и строительной техники Древнего и античного мира,
Всемирная история в изречениях и цитатах,2008
Баффет Уоррен – инвестор «Hathaway»,
Английское 14-мм противотанковое ружье БОЙС,1942
Болкиах Хассанал – султан Брунея,
Все о малом предпринимательстве. Полное практическое руководство,2008
Выбираем компьютер, ноутбук, планшет, смартфон,2013
Советская сатирическая печать 1917-1963,1963
ВЫ НА САМОМ ДЕЛЕ ХОТЕЛИ БЫ ЗНАТЬ ВСЕ ОБ ЭКОНОМИКЕ?,
Выну ножик из кармана (Холодное оружие российской армии),
Викторианский Лондон,2011
Гейтс Уильям (Билл) – основатель Microsoft,
Выживание в условиях дикой природы. Ловушки для рыбы. Схемы, принцип действия, условия применения,
В.В. Розанов. Семейный вопрос в России. Том II,
Всеобщая декларация прав человека (10 декабря 1948 года),
В теле нестандарта,
Внезапная проверка в офисе,2008
Все о правах работника и обязанностях работодателя,2015
Винный Этикет,2007
Гипноз. Практическое руководство,2002
В.В. Розанов. Семейный вопрос в России. Том I,
Взрасти свой сад,1992
ГИБДД. Как вести себя, что важно знать?,2010
Генеалогия московского купечества XVIII в. (Из истории формирования русской буржуази),1988
В.Ступницкий. Как я был старшиной коллегии присяжных заседателей,
Гибсон Мэл – киноактер,
Генри Форд,
Главные спортивные события – 2012,
Гетти Жан-Поль (Пол) – нефтяной магнат,
Гир Ричард – киноактер,
Величайший в миpе тоpговец,
Введение в дореформенную орфографию,2006
Гениальность и помешательство,
Винокуръ, пивоваръ, медоваръ, водочной мастеръ, квасникъ, уксусникь, и погребщикъ,
Глаза любви,
Год Белки. Зодиакальный прогноз 2012,2011
Грамматика французского языка в таблицах,
Гороскопы,
Денежное обращение в эпоху перемен,2007
Деревья и кустарники СССР. Дикорастущие, культивируемые и перспективные для интродукции,1958
Говард Шульц,
Грибы. Определитель грибов русских лесов и полей,2014
Гороскоп для всей семьи на 2016 год,
Гэри С. Беккер,
Гордон Олпорт,
Горизонты оружия,
Гороскоп для всех возрастов человека,2011
Городской НАЗ,
Девид Макклелланд,
Депардье Жерар – киноактер,
Джек Уэлч,
Гражданский кодекс Российской Федерации (1996 год, Часть 1),
Диагностический справочник иммунолога,
Деревенский клад (Дмитрий Кащеев) / литература для детей / Проза.ру - национальный сервер современной прозы,
Гороскопы,1997
Дерипаска Олег – российский предприниматель,
Джон Пеппер,
Дейл Карнеги,
Джон Милль,
Джон Чеймберз,
Дерзкая книга для девочек,2015
Джейкоб Арабо,
Диалог с ребенком или Мой опыт сексуального образования,
Джексон Майкл – певец,
Джордж Бернард Шоу. Афоризмы,2000
Диагностический справочник терапевта,1979
Диагностика соискателя,
Джордж Сорос,
Дж.К. Гэлбрейт,
Диагноз без врача. Справочник симптомов детских болезней,2011
Джобс Стивен – американский бизнесмен,
Джордж Элтон Мэйо,
Джонсон Эбигейл – владелец корпорации Fidelity Investments,
Диета на травах,
Диор Кристиан – кутюрье,
Гражданский кодекс Российской Федерации (1996 год, Часть 2),
Деловой этикет. Правила поведения, общения, дресс-кода,2014
Добровольный отказ от совершения преступления,
Дисней Уолт – мультипликатор, режиссер,
Абрахам Харольд Маслоу,
Дипломатический обед в государстве Хухундия (Alexander Matlin),
Гуцериев Саит – российский предприниматель,
Дж. М. Кейнс,
Евреи в НКВД СССР. 1936–1938 гг. Опыт биографического словаря,2017
Долевое строительство: как не дать себя обмануть,
Дон Фишер,
Дональд Алан Шон,
Домашний справочник самых важных советов для вашего здоровья,2013
Ещё один экзамен отечественного танка,
Жан Пиаже,
Женщины способны на всё: Афоризмы,2005
Единый налог на вмененный доход. Как законно уменьшить налоговые платежи,2008
Дональд Файтс,
Довоенная советская фантастика,2016
Евтушенков Владимир – российский предприниматель,
Европа на рубеже XX—XXI веков: Проблемы экономики,2006
Если вы заболели в дороге,
Езда на кончиках пальцев или управление лошадью в контакте с ней,2002
Дэн Талли и Дэвид Комански,
Европейские самолеты вертикального взлета,2000
Жестокие раунды,1979
Зернистые мысли наших политиков,2007
Живая песня. Антология русского шансона и городского романса. Том 2,2017
Зарубежная литература XX века. Книга 2,1997
Документы в архивах отсутствуют,
Защитная книга водителя,2011
Законы РФ о защите интеллектуальной собственности (1992 год),
Заметки о огнестрельном оружии,
Закон Российской Федерации «О защите прав потребителей» с комментариями к закону и образцами заявлений на 2018 год,2018
Дэлл Майкл – американский мультимиллиардер,
Закон РФ О защите прав потребителей (1996 год),
Европа на рубеже XX—XXI веков: Проблемы экономики,
ЖИЛИЩНЫЙ КОДЕКС РОССИЙСКОЙ ФЕДЕРАЦИИ,
Здоровье малыша,2017
Западня глобализации,
Защита прав пациентов,
Золотой сонник Миллера. Сновидения от А до Я,
Ибука Масару,
Защита авторского права в Интернете (теория и практика),
Зачем переплачивать? Как сэкономить при покупке ноутбуков, смартфонов, комплектующих и другой техники,2013
Зарубежье,2008
Закон Российской Федерации «О защите прав потребителей» с образцами заявлений: по состоянию на 2016 год,2016
Защита прав водителя 2018,2018
Запаховые следы участников происшествия: обнаружение, сбор, организация исследования. Методические рекомендации,1993
Журнальный зал | Нева, 2010 N8 | Наталья ГАЛКИНА. Табернакль.,
Из Зайсана через Хами в Тибет и на верховья Желтой реки. Третье путешествие в Центральной Азии 1879-1880,
За Фюрера и Поглавника,2006
Иванов-Петров,
За край свой насмерть стой (Пословицы и поговорки народов СССР),1974
Живопись. Техника живописи и технология живописных материалов,2010
Звездные Морпехи,
Домашний календарь на 2013 год,2012
Известные пресс-секретари,
Заблуждения капитализма или пагубная самонадеянность профессора Хайека,
Инструкция НКВД СССР (№00134/13),
Инвестиции,
Инструкция по воздушному бою истребительной авиации (ИВБИА-45),1945
Историческое описание перемен в одежде и вооружении российских войск.Том 31,
Историческое описание перемен в одежде и вооружении российских войск. Том 30,
Инструкция по воздушному бою истребительной авиации (ИВБИА-45),1945
Ингвар Кампрад,
Империя зла,
Известные пресс-секретари,2008
История зарубежной литературы XIX века - Божена Немцова,1972
Историческое описание одежды и вооружения российских войск. Том 28,
Историческое описание одежды и вооружения российских войск. Том 19,
История,2015
Информация как основа жизни,2000
Искусство обмана. Популярная энциклопедия,2002
История политических и правовых учений. Шпаргалка,2010
История на миллион долларов:,2008
История государства и права России,
История политических и правовых учений: Шпаргалка,2010
Йозеф Шумпетер,
История мировых цивилизаций с древнейших времен до конца XX века. 10—11 кл.: Пособие для общеобразоват. учеб, заведений,
История. Новый полный справочник школьника для подготовки к ЕГЭ,2016
Иудаизм без Маски. Religion and Brotherhood of Man.,
Исчисление простых чисел, сущность математического,
История химии с древнейших времен до конца XX века. В 2 т. Т. 2,2012
История России IX–XXI веков в датах,
Ім’я дитини в українській родині,2010
Кабинет доктора Либидо. Том V (Л – М),
Как воспитать здорового и умного ребенка. Ваш малыш от А до Я,
История цивилизаций мира. Методические рекомендации,2013
Как здорово, когда ребенок здоров! Книга обо всем для думающих родителей,2017
Кабинет доктора Либидо. Том IV (З – И – Й – К),
Как действовать в условиях применения ядерного, химического и бактериологического оружия,1963
Казуо Инамори,
Как завоевать клиента,
Как выжить в армии. Книга для призывников и их родителей,2007
Как завоевать клиента,
Как мы выиграем ЕВРО-2012,
К. Леви-Стросс=Структурная антропология=Янко Слава (Библиотека Fort/Da),
Как написать сценарий,
Как не платить лишнего. Книга 2,2012
Как обманывают в автосервисе,
Как не дать себя обмануть. Книга 1,2012
Как организовать исследовательский проект,2001
Как найти высокооплачиваемую работу,
Историческое описание одежды и вооружения российских войск. Том 27,
История Беларуси,
Как в России защитить право ребенка проживать с отцом,
История чемпионатов Европы по футболу,2012
Карл Бюлер,
Карманный справочник туриста,1982
Как читать анализы крови, мочи и кала. Домашний справочник,
Кармическая астрология. Все гороскопы мира, коды судьбы, совместимость,2014
Календарь счастья и удачи 2014 год,2013
Как потребителю защитить свои интересы: рекомендации и примеры,
Календарь любви и счастья. 2013,
Карта вашего рождения,
Кардиология в ежедневной практике,
Канстытуцыя Рэспублiкi Беларусь ад 15 сакавiка 1994 года (на белорусском языке),
Календарь привлечения любви и счастья на 2015 год,2014
Кампрад Ингвар – основатель IKEA,
Карен Хорни,
Календарь везения и успеха на 2015 год,2014
Карл Роджерс,
Кинологическое обеспечение деятельности органов и войск МВД РФ,1999
Керимов Сулейман Абусаидович – российский предприниматель,
Календарь привлечения любви и счастья 2014 год,2013
Как правильно ловить рыбу спиннингом,2004
Календарь благополучия и успеха 2014,2013
Календарь любви и счастья. 365 самых сильных практик на каждый день 2015 года,2014
Календарь имен и дат,
Кодекс Законов О Труде Российской Федерации,
Кольцевая автомобильная дорога Санкт-Петербурга. Справочник,
Конституция Японии (от 3 мая 1947 года),
Книга практической мудрости, или Как перехитрить Закон Подлости,
Киркорян Кирк – американский миллиардер, один из основоположников игорно-развлекательной индустрии Лас-Вегаса,
Каталог Библиотеки Всемирной Литературы,
Книга-календарь на 2013 год. Заговоры и обереги на каждый день,
Карманный справочник грибника,
Книга перевоплощений. Кем Вы были в прошлой жизни?,
Кидман Николь – киноактриса,
Концепция комплектования тревожного чемоданчика,
Кириленко Андрей Геннадьевич – российский баскетболист,
Кийосаки Роберт – американский предприниматель,
Клуни Джордж – киноактер,
Клюге Джон Вернер – основатель корпорации «Метро-медиа»,
Книги о сильных женщинах,
Конституционное право России. Шпаргалки,2012
Коды неисправностей (карманный справочник),
Концепция по аптечке,
Карманный справочник медицинских анализов,
Конституционные акты Великобритании,
Копперфильд Дэвид – иллюзионист,
Келли Дж.,
Карты Таро,
Конституция Соединенных Штатов Америки (от 17 сентября 1787 года),
Концепция борьбы с международным терроризмом в системе международного гуманитарного права,
Как учить чужой язык?,2004
Книга-календарь на 2014 год. Заговоры и обереги на каждый день,
Коммерческие закупки. Взгляд изнутри.,2008
Краткое содержание произведений русской литературы I половины XX века (сборник 2),
Корабли ВМФ СССР. Том 2. Ударные корабли. Часть 2. Малые ракетные корабли и катера,2004
Краткий справочник по истории России,2017
Криминальный гипноз,1999
Кратчайшая история музыки. Самый полный и самый краткий справочник,2011
Корабли ВМФ СССР. Том 3. Противолодочные корабли. Часть 1. Противолодочные крейсера, большие противолодочные и сторожевые корабли,2005
Краткий словарь алкогольных терминов,1994
Краткий справочник по обществознанию,2016
Крок Рей – основатель компании «Макдоналдс»,
Краткое описание противотанковой мины ЯМ-5,1941
Крабов Вадим. Эгнор, Книга 1. Общий файл,
Кто есть кто на российском телевидении - 2001,2001
Кто есть кто в античном мире,1993
Крейсера, большие противолодочные корабли, эсминцы,
Крещение Литвы,
Крупнейшие мировые аферы. Искусство обмана и обман как искусство,2008
Курт Левин,
Краткое содержание произведений русской литературы I половины XX века (сборник 2),
Крепкие напитки,2003
Кратокрафан,
Лицо несчастья,2002
Латвийский путь к новому кризису.,1012
Ли Бьонг Чхуль,
Лаудер Эсти – владелица косметической компании Estee Lauder Inc,
Логистика,
Лука Пачоли,
Лечение растениями. Энциклопедический справочник,
Лор-заболевания: конспект лекций,2007
Ловля рыбы со льда,2004
Ловим со льда. Все секреты зимней рыбалки,
Лунный дачный календарь на 2017 год,2016
Кто предавал Россию,2008
Лечение болезней печени, почек, мочевого пузыря, желчевыводящих и мочевыводящих путей,
Лучшие мысли и изречения древних в одном томе,2015
Лу Герстнер,
Лiкарськi рослини Прикарпаття,
Лекарственные средства. Новейший справочник,2012
Леваев Лев – Израильский предприниматель,
Лiкарськi рослини Прикарпаття,
Любовь у помешанных,
Лусио А. Ното,
Ламборгини Ферручио – основатель компании Lamborghini,
Магия Вселенной и возможности человека,1998
Лисин Владимир – российский предприниматель,
Корабли ВМФ СССР. Том 3. Противолодочные корабли. Часть 2. Малые противолодочные корабли,2005
Майкл Портер,
Мадонна – певица,
Лучшее для здоровья от Брэгга до Болотова. Большой справочник современного оздоровления,2009
Майкл Делл,
Малькольм Стивенсон Форбс,
Марч Джеймс,
Международное частное право: Шпаргалка,2010
Медицинские запоминалки,
Маркетинг услуг. Настольная книга российского маркетолога практика,2006
Макс Вебер,
Маркетинговое консультирование,
Мастера и шедевры. т. I,1986
Марс – семья миллиардеров, владельцы продовольственной компании,
Маккартни Пол – певец,
Мир брата Кадфаэля,2006
Махмудов Искандер – российский предприниматель,
Морские вооружения прибалтийских стран,1933
Морской биографический словарь,2008
Мак-Кей Харви – администратор корпорации «Мак-Кей Энви-лоуп»,
Мацусита Коносуке– глава Matsushita Electric Industrial Ltd,
Майкл Эйснер,
Медицинские анализы: диагностический справочник,
Музы и грации. Афоризмы,2005
Мысль, Хроноцентрический мир,
Младенец. Руководство пользователя: Инструкция по эксплуатации, рекомендации по устранению неисправностей, советы по первому году технического обслуживания,2016
Містика сновидінь. Практичний сонник,
Мысли и изречения древних с указанием источника,
Международные стандарты аудита: Шпаргалка,2009
Метро 2033. Передистория,
Митин журнал,
Мы и они. Наглядное наставление по выявлению этнического родства,2005
Мысли и афоризмы,
Международные экономические отношения: конспект лекций,2008
Монголия и страна тангутов. Первое путешествие в Центральной Азии 1870-1873 гг,
Милтон Фридмен,
Мысли и афоризмы,
Мысли, афоризмы и шутки знаменитых мужчин,2004
Москва футбольная. Полная история в лицах, событиях, цифрах и фактах,2016
Мысли, афоризмы, цитаты. Политика, журналистика, правосудие,2008
Мудрость тысячелетий от А до Я. Великие мысли и афоризмы великих людей,2010
Мэрдок Руперт – основатель холдинга “Ньюс Корпорейшн”,
Мудрость тысячелетий от А до Я,2007
Менеджмент в системе негосударственных правоохранительных организаций (Мекосепрология),
Мордашов Алексей Александрович – генеральный директор «Северсталь-групп»,
Мастера и шедевры. Том 3,1988
Мастерство переговоров,
Мысли, афоризмы и шутки выдающихся женщин,2007
Мысли и афоризмы древних римлян,
Мур Гордон – основатель корпорации Intel,
Мастера афоризма. Мудрость и остроумие от Возрождения до наших дней,
Метафизика пата,
Международные экономические отношения: конспект лекций,
Мобильник: любовь или опасная связь? Правда, которой не расскажут в салонах мобильной связи,2008
Микробиология: словарь терминов,2006
Марк Дюрст,
Мэри Паркер Фоллетт,
Название Книги,
На официальном приеме,2006
Наставление по стрелковому делу (НСД-38) ружейный гранатомет и ружейная граната,1940
Народные советы. Железо ПК,
Наставление по стрелковому делу 7,62-мм пулемет Горюнова (СГМ, СГМБ,СГМТ),1984
Названное именем геолога,1982
Наставление по стрелковому делу (НСД-40 82БМ) 82-мм батальонный миномет,1941
Напутствие Вождю,
Наставление по стрелковому делу винтовка обр. 1891/30 г. и карабины обр. 1938 г. и обр. 1944 г.,1954
Наставленiе для обученiя стрѣльбѣ изъ ружья-пулемета образца 1902 года,1906
Наставление по стрелковому делу (НСД-42) противотанковое самозарядное ружье обр. 1941 г. системы Симонова – ПТРС и противотанковое однозарядное ружье системы Дегтярева обр. 1941 г. – ПТРД,1942
Наставление по стрелковому делу ОСОАВИАХИМА винтовка «Ли-Энфильд» образца 1914 г.,1932
Наставление по стрелковому делу 7,62-мм самозарядный карабин Симонова (СКС),1984
Наставление по стрелковому делу ОСОАВИАХИМА винтовка «Арисака» образца 1905 года,1932
Наставление по стрелковому делу автомат (пистолет-пулемет) обр. 1941 г. конструкции Шпагина Г. С.,1946
Наставление по стрелковому делу 7,62-мм ручной пулемет Дегтярева (РПД),1957
Наставление по стрелковому делу (НСД-38) самозарядная винтовка обр. 1940 г.,1940
Наставление по стрелковому делу ОСОАВИАХИМА винтовка «Манлихер» образца 1895 года,1932
Наставление по стрелковому делу П. П. Д. (пистолет-пулемет системы Дегтярева обр. 1934 г.),1938
Наставление по стрелковому делу. Ручной пулемет ДП,1946
Настоящий джентльмен. Правила современного этикета для мужчин,
Наставление по стрелковому делу револьвер обр. 1895 г. и пистолет обр. 1933 г.,1975
Наставление по стрелковому делу ОСОАВИАХИМА винтовка «Росс» образца 1910 г.,1932
Настоящая леди. Правила хорошего тона и стиля,2012
НАСТАВЛЕНИЕ ПО СТРЕЛКОВОМУ ДЕЛУ 93-мм РЕАКТИВНЫЙ ПЕХОТНЫЙ ОГНЕМЕТ (РПО-А),1989
Наставление по стрелковому делу снайперская винтовка Драгунова (СВД),1984
Некоторые вопросы организации и тактики действий незаконных вооруженных формирований Чеченской Республики,
Некоторые вопросы организации и тактики действий незаконных вооруженных формирований Чеченской Республики,
О поисках работы,
О чем расскажет ЭКГ,2016
Неумолимое уравнение,
Носимый противотанковый комплекс 9К115. Техническое описание 9К115.00.000 ТО,1985
Новые штрафы для нарушителей ПДД.,2014
Норберт Винер,
Новые лица на рынке труда: словарь-справочник,
Нотариат (Практическое пособие),
Об упорядочении использования специальных сигналов и особых государственных регистрационных знаков на автотранспорте,
Новейший справочник уникальных фактов в вопросах и ответах,
О 'Никонове' и не только о нём,
О распознавании и собирании гравюр. Пособие для любителей,2003
О царь– колоколе, бубенцах, валдайских колокольчиках, о биле и ерихонских трубах,1997
Новый подход к чтению ладони,2010
Непал: Обычаи и этикет,
Новые правила, новые штрафы,2013
Неотложные состояния у детей. Новейший справочник,
Новейший справочник автомобилиста,2007
Новый закон о наркотиках,
Не хочу переплачивать налоги,2007
Организация и ведение бизнеса в сфере торговли и услуг,2006
Обзоры ножей ведущих производителей,
Оренбург,1977
Описание легкого пулемета Шоша,1923
Общие мысли: что должно быть в автомобиле?,
Описание автоматического пистолета "Т. К.",1930
Оригами с детьми 3-7 лет. Методическое пособие,2012
Опасные морские животные,1989
Онассис Аристотель – греческий миллиардер,
Оружие пехоты. Справочник,1997
Оружие специальное, необычное, экзотическое,2003
Олилла Йорма – бизнес-лидер корпорации «Нокиа»,
Организация и ведение бизнеса в сфере торговли и услуг,
Одно предложение: афоризмы, поговорки, определения,
Оружие пехоты 97,
Основной боевой танк Т-80,1993
Оружие милиции,
Оскар Уайльд. Афоризмы,
Оружие милиции. Часть 1,
Основной закон Федеративной Республики Германии от 23 мая 1949 года,
Основы закаливания,1953
Основные государственные законы Российской Империи (от 23 апреля 1906 года),
Основы социальной работы: Шпаргалка,2010
Оружие милиции. Часть 1,
Основы управления конкурентоспособностью,
Острые отравления у детей,
Основы тактической подготовки современного солдата,2006
Основы управления конкурентоспособностью,
Ответы на билеты по географии 11 класс,
Ответы на экзаменационные билеты по эконометрике,
Откровение одиночки (продолжение),
Охота для начинающих,
Офіцерський корпус Армії Української Народної Республіки (1917—1921),2007
От Кяхты на истоки Желтой реки Четвертое путешествие в Центральной Азии (1883-1885 гг.),
Памятка по преодолению штурмовой полосы,1943
Обществознание. Полный справочник для подготовки к ЕГЭ,
Паккард Дэвид – основатель Hewlett Packard,
Памятка по обращению с американским 11,43-мм пистолетом-пулеметом Рейзинга,1942
Пауль Энтони Самуэльсон,
Памятка для тех, кому предстоят допросы,1969
ПДД от ГИБДД Российской Федерации 2010. С комментариями и советами,2010
Ответы на экзаменационные билеты по русскому языку 11 класс,
Охотничьи боеприпасы и снаряжение патронов к охотничьим ружьям,2008
Памятники архитектуры Московской области: Иллюстрированный научный каталог. Выпуск 1.Часть 2,1999
Памятка разведчику по маскировке,1942
ПАМЯТКА ПАРТОРГУ ПАРТИЙНОЙ ОРГАНИЗАЦИИ СТРЕЛКОВОЙ РОТЫ,
Памятка гражданам СССР, выезжающим за границу,1990
Основы ныряния с задержкой дыхания:Учебно-методическое пособие по фридайвингу,2011
Описание автоматического пистолета "Т. К.",1930
Пpактическое пpименение Эpиксоновского гипноза в бизнесе, пpоведение пеpеговоpов, pеклама, общение,
Общестроительные отделочные работы: Практическое пособие для строителя,2009
Потанин Владимир – российский бизнесмен,
Права водителя для чайников с изменениями на 2018 год,2018
Педиатрия: полный справочник для родителей,Эксмо
Переносной противотанковый комплекс 9К11. Техническое описание и инструкция по эксплуатации,1971
Пеле – бразильский футболист,
ПЗРК «Стрела-2»,1969
Петербург в названиях улиц. Происхождение названий улиц и проспектов, рек и каналов, мостов и островов,2008
Пистолеты и револьверы. Выбор, конструкция, эксплуатация,2010
Пейдж Лари – основатель Google,
Пистолет и револьвер в России,1992
Перельман Рональд – предприниматель, основатель бизнес-империи,
ПЗРК «Стрела-2»,1969
Перо Росс – основатель корпорации “Electronic Data Systems”,
Перепланировка и переустройство квартиры,
Пессель М. Заскар. Забытое княжество на окраине Гималаев,
Петербург в названиях улиц. Происхождение названий улиц и проспектов, рек и каналов, мостов и островов,
Пособие по ароматерапии для начинающих,
Писатели Дальнего Востока. Биобиблиографический справочник. Выпуск 2,1989
ПРАВИЛА ДОРОЖНОГО ДВИЖЕНИЯ,
Пишем курсовую работу,2016
Пищевые добавки, красители и консерванты,
Питер Линч,
Плетение из соломки – от деда Василия,
Подготовка разведчика - система спецназа ГРУ,
Подготовка разведчика - система спецназа ГРУ,2004
Политология в схемах и комментариях,
Планирование на предприятии,
Планирование на предприятии: Шпаргалка,2010
Политология в схемах и комментариях,
Покупатель не всегда прав! Типовые ситуации по защите прав всех участников процесса купли-продажи товаров и услуг,
Питер Друкер,
Политология: хрестоматия,
Политическая декларация OOH про наркотики,
Полная энциклопедия попаданцев в прошлое, 21-я редакция,0101
Полная энциклопедия грибов,
Полная поваренная книга опытной русской хозяйки или руководство къ уменьшенiю расходовъ въ домашнемъ хозяйствѣ,1875
Полная энциклопедия попаданцев в прошлое, 22-я редакция,2019
Подборка материалов по современному состоянию армии,
Политология: ответы на экзаменационные билеты,
Правила дорожного движения Российской федерации 2010 по состоянию на 1 января 2010 г.,2010
Полный медицинский справочник. Диагностика. Симптоматика. Лечение,2017
Полный Глоссарий Сериала Сварог (СИ),
Полный медицинский справочник фельдшера,
Полная хронология дел Шерлока Холмса,2013
Полный курс здоровья для всей семьи,2017
Популярная история — от электричества до телевидения,
Популярная анатомия. Строение и функции человеческого тела,2004
Правила русской орфографии и пунктуации. Полный академический справочник,2007
Полный справочник для тех, у кого диабет,
Полный справочник по уходу за больными,2011
Правила игры в игру без правил,0101
Понять небо,1997
Популярная история медицины,
Полный справочник пчеловода,2010
Правила успешных свиданий для девушек,2014
Пора лечиться правильно. Медицинская энциклопедия,2018
Правильный ремонт от пола до потолка: Справочник,2009
Правила дорожного движения,
Права и обязанности водителя,2009
Правила дорожного движения Республики Беларусь,
Правовая грамотность. Самоучитель для водителей,2011
Правила дорожного движения РФ 2015 год,2015
Предлоги английского языка,
Право интелектуальной собственности: Шпаргалка,2010
Право руля! – 3 (полная версия),2008
Право руля! – 3,2008
Примерные вопросы и ответы к экзамену по биологии. 11 класс,
Правоведение: Шпаргалка,2010
Про юбочку с кофточкой (Alexander Matlin),
Православные коаны,
Проект Конституции Российской Федерации (опубликован в июле 1993 года),
Прогноз событий вашей жизни,
Прокурорский надзор: Шпаргалка,2010
Промальп в ответах на вопросы,2005
Приготовление целебных спиртных напитков,1996
Преступления века,
Премджи Азим – индийский предприниматель,
Про налоги с владельцев транспортных средств,
Правоведение. Шпаргалка,2010
Противопехотная фугасная мина ПМН-4 инструкция по устройству и применению,1994
Противопехотная мина МОН-90. Инструкция по эксплуатации,1982
Противопехотные деревянные мины ПМД-6, ПМД-7 и ПМД-7Ц,1942
Права водителя с изменениями на 2017 год. Как противостоять недобросовестному гаишнику? С таблицей штрафов,2017
Противотанковая мина ТМ-42 (немецкая),1943
Противотанковая мина ТМ-89 инструкция по устройству и применению,1993
Психология. Полный курс,2010
Профессия повар. Учебное пособие,2006
Прохоров Михаил – российский предприниматель,
Психологическое консультирование,
Противотанковая мина ТМ-62П2 с взрывателем МВП-62,1969
Протокол и этикет дипломатического и делового общения,1996
Психология,
Психология. Словарь-справочник: В 2 ч. Часть 1,
Психолого-педагогические условия подготовки юных спортсменов 9–12 лет,
Противотанковая мина ТМ-72 и минный взрыватель МВН-72,1974
Психологическое консультирование,
Психология. Словарь-справочник: В 2 ч. Часть 2,
Психотерапия,
Психология: Шпаргалка,2010
Путь к богатству народов,
Пулеметы русской армии в бою,2008
Путеводитель по жизни: Неписанные законы, неожиданные советы, хорошие фразы made in USA,2009
Путеводитель по «Отчаянным домохозяйкам». Сезон 3,
Путеводитель по «Отчаянным домохозяйкам». Сезон 7,
Путешествия без турагентств,2011
Путеводитель по «Отчаянным домохозяйкам». Сезон 2,
Путеводитель по Шекспиру. Английские пьесы,2007
Путеводитель по «Отчаянным домохозяйкам». Сезон 6,
Путеводитель по «Отчаянным домохозяйкам». Сезон 4,
Путеводитель по «Отчаянным домохозяйкам». Сезон 5,
Пчелы в радость,
Путеводитель по «Отчаянным домохозяйкам». Сезон 1,
Риторика,
Пчелы в радость, или Опыт естественного подхода в пасечном деле,2009
Разведение и выращивание гусей,
Работа не волк. Афоризмы,
Разные попаданцы. Путеводитель,
Пушкин. Жизнь в цитатах: Лечебно-профилактическое издание,
Револьверы Смитта-Вессона, состоящiе на вооруженiи русскихъ войскъ,1882
Разведение и выращивание индюков, перепелок и цесарок,2017
Разработка патронов к гладкоствольному оружию,2013
Рассвет Сингулярности,
Регионоведение,
Разные попаданцы. Хронология,
Рокфеллер Джон Дэвисон – американский миллиардер,
Ремонт сантехники,2006
Релейная защита в распределительных электрических Б90 сетях,2011
Ремонт часов,1961
Различные учебные материалы института МВД,
Рекорды в мире природы,2003
Ральф Ларсен,
Рей Гилмартин,
Р. И. Шендерова,
Ремонт часов своими руками. Пособие для начинающего мастера,2001
Речевой этикет. Русско-немецкие соответствия. Справочник,1989
Рецепты Алкофана. Теория и практика приготовления спиртных напитков дома,
Россiйскiй медицинскiй списокъ,1914
Роберт Оуэн,
Ржавые Острова | Беркем аль Атоми,
Рецепты для мультиварки SUPRA MCS-4511,
Скорая помощь на дому,2017
Ситроен Андре – создатель фирмы «Citroen»,
Ричард Дж. Деннис,
Романовы. Биографический справочник,2006
Робертс Джулия – американская актриса,
Российские деятели украинского происхождения,2004
Ругательства на 15 языках,
Руководство Proshow Producer Version 4.5,
Рональд Коуз,
Ротшильды – династия предпринимателей,
Руководство по пистолет-пулемету Томпсона кал. .45 (11,43 мм.) М1928А1,1942
Ролф Йенсен,
Руководство по ведению партизанской войны (перевод),1988
Руководство по 30-мм автоматическому гранатомету на станке (АГС-17),1982
Роулинг Джоан – английская писательница,
Руководство по 40-мм подствольному гранатомету ГП-25,1983
Руководство службы 7,62-мм станковый пулемет обр. 1939 г.,1940
Руководство по открыванию замков,
Руководство по ремонту часов,1965
Русская литература XII–XX вв.,
Рыбалка по открытой воде,
Русский орфографический словарь,2005
Русская литература сегодня. Новый путеводитель,2009
Рыбная кулинария для хозяек и рыболовов,2005
Рыбы России (Том первый),1993
Рыбы у себя дома,1988
Рыбы России (Том второй),1993
Рыцари Дикого поля,
Психология и педагогика в схемах и комментариях,
Самая нужная книга для самого нужного места. 1000 невероятных фактов, которых вы не знали,2011
Сага о колее,
Саймон, Герберт Александер,
Сам себе сисадмин. Победа над «домашним» компьютером,2016
Самогон. Оборудование и рецепты домашнего приготовления,1998
Риторика,1978
Серія "Наукова фантастика" видавництва "Веселка",
Сетевидение,
Сказки пяти континентов,2013
Сварочные работы. Практическое пособие,2015
Серія "Пригоди. Фантастика" видавництва "Веселка",
Сейф электронный модели ЕА,
Свидание с мертвецом,
Серія "Бібліотека пригод та наукової фантастики" видавництва "Молодь",
Серебряный мир,
Свиноводство,
Серія "У світі пригод" видавництва "Веселка",
Серія "У світі пригод" видавництва "Веселка",
Серія Компас видавництва "Молодь",
Самозащита,1991
Слабости сильного пола. Афоризмы,2006
Словарь современных цитат,2006
Словарь названий и собственных имен Скаргиара,
Словарь-справочник русских личных имен,
Словарь-указатель имен и понятий по древнерусскому искусству,1991
Рынок продовольственных товаров,
Слова в истории. Великие личности и знаменательные события,2007
Сметное ценообразование в строительстве,
Словарь-справочник: экономика, внешняя торговля, выставки,2012
Служебная собака. Руководство по подготовке специалистов служебного собаководства,1952
Случайное расследование (Дмитрий Кащеев) / литература для детей / Проза.ру - национальный сервер современной прозы,
Саммер Редстоун – глава киноиндустрии Парамаунт Пикчерз,
Сабан Хаим – медиамагнат,
Рынок продовольственных товаров,
Сантехника: выбираем и подключаем самостоятельно,2006
Сборник основных дат и событий школьного курса отечественной и зарубежной истории с древнейших времен до начала XXI в.,
Самые известные заблуждения о науке, биологии, истории, анатомии и сексе,2014
Самолетовождение [Пособие для аэроклубов},1958
Самые богатые люди современности,
Самые надежные рыбацкие узлы,2004
Соварь скептика, том 1 редакция 2 (2012 год),
Современный русский язык. Практическое пособие,2005
Советы по строительству бани,2001
Советы по строительству бани,2001
Советы сельскому мотоциклисту,1984
Советские авиационные ракеты "Воздух-воздух",2005
Советы молодому хирургу,1991
Сонник Петра I,
Сонник А. С. Пушкина,
Сонник Г. Распутина,
Сонник Д. И. Менделеева,
Сонник Екатерины II,
Солдату о подрывном деле,1956
Спецслужбы Третьего Рейха: Книга 1,2003
Специальные виды туризма,2008
Спецслужбы Третьего Рейха: Книга 2,2003
Сорос Джордж – президент и председатель компании Soros Fund Management LLC,
Современные отделочные и облицовочные материалы. Практический справочник для строительства и ремонта домов и квартир,
Смолл Марвин – основоположник теории маркетинга,
Создание электронных книг из сканов. DjVu или Pdf из бумажной книги легко и быстро,2009
Справочник БАДов,2013
Список литературы по системе Овсинского И.Е.,
Список детских книг из Fido7_Su_Books_For_Children,
Список участников "автомайдана",
Список публикаций Д. Е. Громова и О. С. Ладыженского (Г. Л. Олди) на 2004 год,
Социология: конспект лекций,
Спpавочка об автоpах эпиграфов Асприновских Мифов,
Социология и психология управления,
Справочник автолюбителя,2007
Справочник грибника,2005
Справочник домашнего сантехника,1996
Справочник коротковолновика Украины,2010
Справочник мастера-электрика. Проводка, розетки, техника безопасности, инструмент,2017
Справочник кроссвордиста,
Справочник велосипедиста,1976
Справочник водителя 2016. Штрафы, оформление ДТП и нарушений, страхование,2015
Справочник КУСТАРЯ,
Справочник необходимых знаний,2009
Справочник православного человека. Часть 3. Обряды Православной Церкви,2008
Справочник практического врача. Книга 1,2007
Справочник рыболова,2005
Справочник радиолюбителя,1938
Справочник риэлтора,2006
Справочник православного человека. Часть 1. Православный храм,2007
Справочное пособие по цифровой электронике,1990
Справочники Джейн БОЕВЫЕ КОРАБЛИ,1999
Справочник семейного доктора,
Статьи о ножах и не только,
Статьи. Knifeclub.ru,
Справочник риэлтора,2006
Судебная практика с комментариями по трудовому законодательству,
Спутник партизана,1943
Стрельба из пистолета,1954
Страна хороших девочек, или Коучинг для успешных женщин,2014
Стругацкие. Комментарий для генерации NEXT,
Сталлоне Cильвестр – американский актер, режиссер, сценарист, продюсер,
Стихотворчество. Пара мыслей,
Стив Кейс,
Странности нашего мозга,2008
Статья по выбору снаряжения для туриста-новичка,
Странности нашей эволюции,2010
Страховое дело: Шпаргалка,
Супермышление,2003
Сэм Уолтон,
Стюарт Марта – владелица корпорации Martha Stewart Living Omnimedia,
Существуют ли биологические механизмы регуляции численности людей?,
Справочник по лечебному массажу и самомассажу (от диагноза к лечению),2017
Судебная практика с комментариями по трудовому законодательству,
Тактика применения специальных собак (специальный курс дрессировки),
Т-64. ОСНОВНОЙ БОЕВОЙ ТАНК,
Тайны драгоценных камней,2002
Тактическая стрельба,2008
Тематическое и поурочное планирование по ОБЖ. 11 класс,
Темные сестры. Глоссарий,
Тематическое и поурочное планирование по ОБЖ. 10 класс,
Твое тело говорит «Люби себя!»,2002
Теория организации: Шпаргалка,2010
Техника фехтования ножом, мечем и кинжалом,2003
Справочник основных лекарственных средств,2012
Теория организации,
Справочник по проектированию электрических сетей,2012
СПРАВОЧНИК ПО ПРАВОПИСАНИЮ, ПРОИЗНОШЕНИЮ, ЛИТЕРАТУРНОМУ РЕДАКТИРОВАНИЮ,1999
Техника стрельбы из пращи и способы ее держания,
Техника стрельбы из пращи и способы ее держания,
Технология хранения и транспортирования товаров,2009
Технологии для Домашнего компьютера,
Типы советских подводных лодок,
Томас Уотсон,
Трактат о женской самообороне. Практическое пособие,2001
Трагические самоубийства,2003
Толковый словарь для современных родителей,2010
Траволта Джон – киноактер,
Трилогия: вопросы и ответы,
Справочник по русскому языку. Пунктуация,2002
Справочник по правописанию и стилистике,1997
Справочник по ересям, сектам и расколам,1994
Справочник Астрального оздоровления,
Справочник православного человека. Часть 4. Православные посты и праздники,2009
Тюремная энциклопедия,
Трудовое право: Шпаргалка,2010
Тусовка решает все. Секреты вхождения в профессиональные сообщества,2006
Трофейное оружие,1943
Тюрьма и зона,
Уильям Эдвард Деминг,
Уголовный Кодекс Российской федерации (1996 год),
Филипп Найт,
Филипп Котлер,
Философия Союзного государства, Тезисы,
Уголовный процесс,
Финансы: Шпаргалка,2010
Универсальный ASIO-драйвер для звуковых WDM-устройств,
Узлы,
Универсальный справочник практикующего врача,2013
Универсальный медицинский справочник. Все болезни от А до Я,
Универсальный справочник прораба. Современная стройка в России от А до Я,
Уинфри Опра – телеведущая,
Ударные корабли. Часть 2 Малые ракетные корабли и катера,2004
Управление операционной логистической деятельностью,2018
Управление финансами,2008
Уоррен Эдвард Баффетт,
Управление персоналом,
Учебник по выживанию в новой стране,
Уэлч Джек – американский предприниматель,
Универсальный цитатник политика и журналиста,
Усовершенствуйте свою память,2003
Фортификационный словарь,1946
Факты, страны, века,
Уфологический словарь-справочник,
Формула правильного питания (Методическое пособие),2009
Уолтон Сэм – основатель торговой сети универсальных магазинов Wal-Mart,
Учимся читать в три раза быстрее за 20 минут - Лайфхакер,
Фантастические звери и места их обитания,2009
Фантастические произведения русских, советских писателей, опубликованные в журналах в 1945-1989 гг.,2019
Фантастика на страницах журналов «Химия и жизнь», «Наука и техника»,1990
Фактор превосходства,
Феномен международного терроризма, Осмысление глобального вызова,
Филателистическая география. Европейские зарубежные страны.,1981
Уроки искусного резчика. Вырезаем из дерева фигурки людей и животных, посуду, статуэтки,2011
Фармакологическая помощь спортсмену: коррекция факторов, лимитирующих спортивный результат,2007
Фармакотерапевтический справочник педиатра,2003
Файл для проверки E-book при покупке,
Филателистическая география. Страны Азии (без СССР).,1984
Феррари Энцо – основатель автомобильной корпорации,
Феномен фантастики (Знання та праця 1990 01),
Справочник попаданцев,
Философия и история философии,2010
Философия Науки. Хрестоматия,2005
Философия солиптизма; Система чистого разума; Богодоказательство,
Фотосъемка. Универсальный самоучитель,2003
Французский справочник по военному альпинизму,1934
Фрегат «Звенящий»,2007
Форд Генри – владелец компании Ford Motor Company,
Фред Смит,
Форс-мажор,
Фредерик Герцберг,
Формула успеха. Настольная книга лидера для достижения вершины,2008
Фредерик Эдмун Эмери,
Фрэнк и Лилиан Гилбреты,
Фредерик Тейлор,
Фридман Михаил – российсий предприниматель,
Хайнц Нордхофф,
Ханс Бекерер,
Хан Герман – российский предприниматель,
Фред Фидлер,
Фортификационный словарь,1946
Хронологический указатель трудов,
Фтизиатрия. Справочник,
Хаммер Арманд – нефтяной магнат,
Фуко Мишель Поль,
Ханс Юрген Айзенк,
Хьюз Говард – миллиардер США,
Хант Гарольдсон Лафайет – нефтяной магнат,
Херб Келлегер,
Химическая проверка и чистка марок,1970
Холодное и огнестрельное оружие,
Художественная обработка металла. Драгоценные и полудрагоценные камни,
Художники в Удомельском крае,1983
Хэндлер Рут – создательница куклы Барби,
Целебные чаи и оздоровительные сборы. Приготовление. Рецепты. Применение.,2007
Целебные чаи и оздоровительные сборы,2007
Цигун "Железная ладонь". Практическое руководство,2006
Цитаты из всемирной истории. От древности до наших дней. Справочник,2006
Цитаты из русской истории. От призвания варягов до наших дней. Справочник,2005
Чарлз Шваб,
Цифровая фотография в простых примерах,2007
Цитаты из русской литературы. Справочник,2005
Чак Найт,
Чарльз Эдвард Линдблом,
Шеффер Бодо – консультант по финансовым вопросам,
Черный 'Калашников',
Чужак. Справочник по плетениям, тварям, доспехам и оружию,
Что происходит с моим телом? Книга для мальчиков,2012
Честер Барнард,
Чрезвычайные ситуации социального характера и защита от них,2007
Что есть что в мировой политике,2016
Числа Судьбы: пифагорейская, индийская и китайская нумерология,2008
Шаг-маятник. Искусство уклонения от выстрелов, методы скоростной стрельбы и техника обезоруживания,2002
Что надо знать воину Красной Армии о боевых приемах немцев,1942
Четыре возраста человека. Афоризмы,
Шарапова Мария – российская спортсменка,
Шпаргалка по инвестициям,
Энциклопедия татуировок,2013
Шпаргалка по договорному праву,
Школа выживания. Как избежать голодной смерти,2002
Шпаргалка по коммерческому праву,
Шваб Чарльз– учредитель брокерской компании Charles Schwab & Co.,
Шиффер Клаудиа – фотомодель,
Шварценеггер Арнольд – американский актер,
Шмелева Елена. Игры властителей.,
Шпаргалка по праву Евросоюза,
Шпаргалка по конфликтологии,
Шпаргалка по коммерческому праву. Ответы на билеты,
Шпаргалка по МСФО,
Шпаргалка по теории организации,
Экономика недвижимости,2008
Штурмовые винтовки мира,
Экология,
Экономическая журналистика,2008
Шрифты для художников оформителей,1984
Экономика от А до Я: Тематический справочник,
Эксплуатация электрических подстанций и распределительных устройств,2011
Эдуард Ходос - ЕВРЕЙСКИЙ СМЕРЧ,
Электронные устройства для глушения беспроводных сигналов (GSM, Wi-Fi, GPS и некоторых радиотелефонов),2016
Электричество: просто и безопасно [в вопросах и ответах],2012
Эл Зейн,
Энциклопедический словарь кинологических терминов,1996
Элизабет Доул,
Электроплита «Мечта-8». Техническое описание и  схема.,
Эндокринология,2010
Энциклопедия примет погоды. Предсказание погоды по местным признакам,2003
Энциклопедический словарь псевдонимов,
Энди Гроув,
Эллисон Лоуренс – основатель комании «Оракул»,
Энциклопедия менеджмента,2004
Энцо Феррари,
Эрик Эриксон,
Это ваше Fido,2020
Эрик Берн,
Юридический справочник,
Эрнст Шумахер,
Юридический справочник на все случаи жизни,
Як ми говоримо,
Янг Джерри – основатель поисковой Интернет системы Yahoo,
Юридический справочник на все случаи жизни,
Японское наставление по подготовке танковых частей 1935 г.,1938
Шелли Лазарус,
Якокка Ли – менеджер,
Энциклопедия русских фамилий. Тайны происхождения и значения,2008
Шпаргалка по конкуренции,
Энтони Хопвуд,
Щит от кредиторов. Увеличение доходов в кризис, погашение задолженности по кредитам, защита имущества от приставов,2015
