"100 великих авантюристов,1999"
"100 великих курьезов истории,2013"
"100 великих мыслителей,2009"
"100 великих разведчиков,2007"
"100 великих футбольных матчей,2009"
"100 великих чудес света,2009"
"100 вопросов – 100 ответов. Хрестоматия,2013"
"100 магнитоальбомов советского рока,2003"
"1000 рецептов на скорую руку,2011"
"101 ключевая идея: Физика,2001"
"101 ключевая идея: Эволюция,2001"
"1111 удивительных фактов, которых вы не знали,2017"
"12,7-мм пулеметы обр. 1938/46 г. и 1938 г. Наставление по стрелковому делу,1971"
"120-мм миномет обр. 1938 г. Руководство службы,1957"
"125 Запрещенных фильмов: цензурная история мирового кинематографа,2008"
"2 в 1. Массаж. Полное руководство + Целительные точки тела. Полный справочник,2015"
"20-мм противотанковое ружье РЕС обр. 1942 г. (системы Рашкова, Ермолаева, Слухоцкого) КРАТКОЕ РУКОВОДСТВО СЛУЖБЫ,1942"
"22 непреложных закона маркетинга,"
"23-мм карабин специальный КС-23. Наставление,1988"
"3333 каверзных вопроса и ответа,2011"
"36,6 градусов. Искусство оставаться в живых!,2005"
"40-мм ручной противопехотный гранатомет 6Г30,"
"5,45-мм пистолет самозарядный малогабаритный. Техническое поисание и инструкция по экспуатации,1979"
"50-мм ротный миномет обр. 1940 г. Руководство службы,1940"
"500 возражений с Евгением Францевым,"
"500 советов пчеловоду,2013"
"7,62 мм снайперская винтовка МЦ 116М на базе спортивной винтовки МЦ 116 под патроны 7,62х54 мм Техническое описание и инструкция по эксплуатации,"
"7,62-мм автоматическая винтовка образца 1936 г. Описание,1937"
"7,62-мм автоматический карабин Токарева,1938"
"7,62-мм ротный пулемет обр. 1946 г. (РП-46). Наставление по стрелковому делу,1984"
"7,62-мм ручной пулемет Калашникова (РПК и РПКС). Наставление по стрелковому делу,1971"
"8000 рыбацких советов от знатока,"
"9-мм пистолет Макарова (ПМ). Наставление по стрелковому делу,1982"
"9-мм пистолет Ярыгина (6П35): характеристика, устройство и обращение с ним,2010"
"93-мм реактивный пехотный огнемет (РПО-А),1989"
"Абдалла бен Абдель Азиз ас-Сауд – король Саудовской Аравии, миллиардер,"
"Абрамов Александр – совладелец концерна Evraz Group,"
"Абрамович Роман – российский бизнесмен,"
"Абрахам Харольд Маслоу,"
"Авиация во второй мировой войне. Самолеты Франции. Часть 2,1996"
"Автомат Федорова,1923"
"Агни Йога. Симфония. Книга II,1997"
"Агни Йога. Симфония. Книга III,1999"
"Адам Смит,"
"Азбука безопасности в чрезвычайных ситуациях.,"
"Азбука детского здоровья,2010"
"Азбука защиты от преступников,1992"
"Азбука хороших манер для настоящей леди,2013"
"Акио Морита,"
"Актерское мастерство: самоучитель-справочник,"
"Акционерные общества. ОАО и ЗАО. От создания до ликвидации,2007"
"Алан Фокс,"
"Алекперов Вагит – российский бизнесмен,"
"Алекс Тротман,"
"Ален Пол – соучредитель Microsoft,"
"Аллергия. Мама, хочу быть здоровым!,"
"Альбрехт Карл и Тео – основатели сети супермаркетов ALDI,"
"Альтернативная гражданская служба,"
"Альфред Маршалл,"
"Анатомия и морфология высших растений,2007"
"Анатомия стиральных машин,2008"
"Английский язык,"
"Английское 14-мм противотанковое ружье БОЙС,1942"
"Англо-русский словарь по рекламе,"
"Андел Джей ван и де Вос Ричард – сетевики,"
"Анри Файоль,"
"Ансофф Игорь,"
"Аншутц Филипп – промышленный магнат,"
"Армия Наполеона,2004"
"Армия сильна полковниками, или На чьих плечах можно поднять армию РФ,"
"Арно Бернар – владелец Moёt Hennessy Louis Vuitton,"
"Арома-рецепты на каждый день. 365 рецептов,"
"Артриты. Травы, которые помогут избежать операции,"
"Артриты. Травы, которые помогут избежать операции,"
"Астральный полет души на уроке физики,"
"Астрід Ліндгрен. Карлсон прилітає знов,"
"Астрід Ліндгрен. Малий і Карлсон, що живе на даху,"
"Астрід Ліндгрен. Нові пригоди Карлсона, що живе на даху,"
"Астрологический прогноз для России на XXI век. Конец света отменяется!,"
"Астрология, автомобиль, водитель и безопасность вождения,2006"
"Афганский"" лексикон. Военный жаргон ветеранов афганской войны 1979-1989гг.,"
"Афганский"" лексикон. Военный жаргон ветеранов афганской войны 1979-1989гг.,"
"Афоризмы Британии. Том I,2006"
"Афоризмы и мысли,"
"Афоризмы и шутки,"
"Ахметов Ринат – украинский бизнесмен,"
"Балансиры и безнасадочные мормышки,2005"
"Баллмер Стивен – исполнительный директор корпорации «Microsoft»,"
"Барбусы и разборы,1998"
"Батурина Елена – российский предприниматель,"
"Бауэр Марвин – основатель McKinsey & Company,"
"Баффет Уоррен – инвестор «Hathaway»,"
"Безопасность дома своими руками,2013"
"Беларускія пісьменнікі: 1917-1990,1994"
"Белорусско-русский словарь,"
"Берхауз Фредерик Скиннер,"
"Беспилотная авиация: терминология, классификация, современное состояние,2014"
"Библиография,2001"
"Библиография,"
"Библия автомобилиста,2005"
"Бизнес-планирование,2008"
"Билл Гейтс,"
"Биография Борисоглебских улиц,1997"
"Биопатогенные зоны – угроза заболевания,1993"
"Боб Итон,"
"Боб Тиллман,"
"Богл Джек – управленец инвестиционной сферы, основатель взаимных фондов,"
"Боевая машина: Руководство по самозащите,1997"
"Боевая машина: Руководство по самозащите – 2,1997"
"Боевая Машина: Руководство По Самозащите — 3,1997"
"Боевые корабли японского флота 10.1918-8.1945 гг. Подводные лодки,1999"
"Боец и отделение на походе,1941"
"Болкиах Хассанал – султан Брунея,"
"Больных. Тень познания,"
"Большая книга афоризмов,2007"
"Большая книга стервы. Полное пособие по стервологии,2007"
"Большая книга тостов,2000"
"Большая книга узлов. Рыбацкие, охотничьи, морские, туристские, альпинистские, бытовые,2014"
"Большой психологический словарь,"
"Большой психологический словарь,2008"
"Большой справочник по массажу,2013"
"Большой справочник симптомов,2014"
"Большой универсальный семейный сонник 10 в 1. 15 000 толкований снов,2013"
"Борьба с вертолетами,1984"
"Борьба с диверсантами,1941"
"Бразильская герилья (Краткий учебник городского партизана),"
"Брин Сергей – президент компании Google,"
"Брэнсон Ричард – владелец Virgin,"
"В гостях,2008"
"В защиту права (Статьи и речи),"
"В мире мечты (Обзор научно-фантастический литературы),1970"
"В мире фантастики. Обзор научно-фантастической и фантастической литературы.,"
"В начале было слово. Афоризмы,2005"
"В теле нестандарта,"
"В.В. Розанов. Семейный вопрос в России. Том I,"
"В.В. Розанов. Семейный вопрос в России. Том II,"
"В.Ступницкий. Как я был старшиной коллегии присяжных заседателей,"
"Ваше имя и судьба,2015"
"Введение в дореформенную орфографию,2006"
"Веблен Торстейн,"
"Вексельберг Виктор – российский предприниматель,"
"Великая криминальная революция в России; Мафия у власти,"
"Великие аферы XX века. Том 1,2004"
"Великие аферы XX века. Том 2,2004"
"Великие тайны золота, денег и драгоценностей. 100 историй о секретах мира богатства,2012"
"Великие ученые. Справочник школьника,2007"
"Величайший в миpе тоpговец,"
"Взрасти свой сад,1992"
"Викторианский Лондон,2011"
"Вина Бордо,2006"
"Винный гид покупателя,"
"Винный Этикет,2007"
"Винокуръ, пивоваръ, медоваръ, водочной мастеръ, квасникъ, уксусникь, и погребщикъ,"
"Винтовочные гранатометы ВГ-44 и ВГ-45. Краткое руководство,1951"
"Витаминный морс, квас и брага из сосновой хвои,1944"
"Влияние веры на военное дело, или О силе, делающей воинов необоримыми,"
"Внезапная проверка в офисе,2008"
"Военный жаргон ветеранов афганской войны 1979-1989гг.,"
"Вооруженные Силы СССР после Второй Мировой войны: от Красной армии к Советской,2013"
"Вопросы ответственности за имущественные преступления,2014"
"Время и бытие,"
"Все о грибах. Рецепты. Виды. Советы,2013"
"Все о льготах для пенсионеров,2014"
"Все о малом предпринимательстве. Полное практическое руководство,2008"
"Все о недвижимости. Покупка, продажа, налоги, аренда, наследование, дарение,2015"
"Все о правах работника и обязанностях работодателя,2015"
"Все об Испании,2006"
"Все по науке. Афоризмы,2005"
"Все, что будущая мама хочет знать, но не знает, у кого спросить,"
"Вселенная трансформеров (без иллюстраций),"
"Всемирная история в изречениях и цитатах,2008"
"Всеобщая декларация прав человека (10 декабря 1948 года),"
"Всеобщая история архитектуры и строительной техники. Часть 1. История архитектуры и строительной техники Древнего и античного мира,"
"ВЫ НА САМОМ ДЕЛЕ ХОТЕЛИ БЫ ЗНАТЬ ВСЕ ОБ ЭКОНОМИКЕ?,"
"Выбираем компьютер, ноутбук, планшет, смартфон,2013"
"Выживание в условиях дикой природы. Ловушки для рыбы. Схемы, принцип действия, условия применения,"
"Выну ножик из кармана (Холодное оружие российской армии),"
"Гейтс Уильям (Билл) – основатель Microsoft,"
"Генеалогия московского купечества XVIII в. (Из истории формирования русской буржуази),1988"
"Гениальность и помешательство,"
"Генри Форд,"
"Гетти Жан-Поль (Пол) – нефтяной магнат,"
"ГИБДД. Как вести себя, что важно знать?,2010"
"Гибсон Мэл – киноактер,"
"Гипноз. Практическое руководство,2002"
"Гир Ричард – киноактер,"
"Главные спортивные события – 2012,"
"Глаза любви,"
"Говард Шульц,"
"Год Белки. Зодиакальный прогноз 2012,2011"
"Гордон Олпорт,"
"Горизонты оружия,"
"Городской НАЗ,"
"Гороскоп для всей семьи на 2016 год,"
"Гороскоп для всех возрастов человека,2011"
"Гороскопы,"
"Гороскопы,1997"
"Гражданский кодекс Российской Федерации (1996 год, Часть 1),"
"Гражданский кодекс Российской Федерации (1996 год, Часть 2),"
"Грамматика французского языка в таблицах,"
"Грибы. Определитель грибов русских лесов и полей,2014"
"Гуцериев Саит – российский предприниматель,"
"Гэри С. Беккер,"
"Девид Макклелланд,"
"Дейл Карнеги,"
"Деловой этикет. Правила поведения, общения, дресс-кода,2014"
"Денежное обращение в эпоху перемен,2007"
"Депардье Жерар – киноактер,"
"Деревенский клад (Дмитрий Кащеев) / литература для детей / Проза.ру - национальный сервер современной прозы,"
"Деревья и кустарники СССР. Дикорастущие, культивируемые и перспективные для интродукции,1958"
"Дерзкая книга для девочек,2015"
"Дерипаска Олег – российский предприниматель,"
"Дж. М. Кейнс,"
"Дж.К. Гэлбрейт,"
"Джейкоб Арабо,"
"Джек Уэлч,"
"Джексон Майкл – певец,"
"Джобс Стивен – американский бизнесмен,"
"Джон Милль,"
"Джон Пеппер,"
"Джон Чеймберз,"
"Джонсон Эбигейл – владелец корпорации Fidelity Investments,"
"Джордж Бернард Шоу. Афоризмы,2000"
"Джордж Сорос,"
"Джордж Элтон Мэйо,"
"Диагноз без врача. Справочник симптомов детских болезней,2011"
"Диагностика соискателя,"
"Диагностический справочник иммунолога,"
"Диагностический справочник терапевта,1979"
"Диалог с ребенком или Мой опыт сексуального образования,"
"Диета на травах,"
"Диор Кристиан – кутюрье,"
"Дипломатический обед в государстве Хухундия (Alexander Matlin),"
"Дисней Уолт – мультипликатор, режиссер,"
"Добровольный отказ от совершения преступления,"
"Довоенная советская фантастика,2016"
"Документы в архивах отсутствуют,"
"Долевое строительство: как не дать себя обмануть,"
"Домашний календарь на 2013 год,2012"
"Домашний справочник самых важных советов для вашего здоровья,2013"
"Дон Фишер,"
"Дональд Алан Шон,"
"Дональд Файтс,"
"Дэлл Майкл – американский мультимиллиардер,"
"Дэн Талли и Дэвид Комански,"
"Евреи в НКВД СССР. 1936–1938 гг. Опыт биографического словаря,2017"
"Европа на рубеже XX—XXI веков: Проблемы экономики,"
"Европа на рубеже XX—XXI веков: Проблемы экономики,2006"
"Европейские самолеты вертикального взлета,2000"
"Евтушенков Владимир – российский предприниматель,"
"Единый налог на вмененный доход. Как законно уменьшить налоговые платежи,2008"
"Езда на кончиках пальцев или управление лошадью в контакте с ней,2002"
"Если вы заболели в дороге,"
"Ещё один экзамен отечественного танка,"
"Жан Пиаже,"
"Женщины способны на всё: Афоризмы,2005"
"Жестокие раунды,1979"
"Живая песня. Антология русского шансона и городского романса. Том 2,2017"
"Живопись. Техника живописи и технология живописных материалов,2010"
"ЖИЛИЩНЫЙ КОДЕКС РОССИЙСКОЙ ФЕДЕРАЦИИ,"
"Журнальный зал | Нева, 2010 N8 | Наталья ГАЛКИНА. Табернакль.,"
"За край свой насмерть стой (Пословицы и поговорки народов СССР),1974"
"За Фюрера и Поглавника,2006"
"Заблуждения капитализма или пагубная самонадеянность профессора Хайека,"
"Закон Российской Федерации «О защите прав потребителей» с комментариями к закону и образцами заявлений на 2018 год,2018"
"Закон Российской Федерации «О защите прав потребителей» с образцами заявлений: по состоянию на 2016 год,2016"
"Закон РФ О защите прав потребителей (1996 год),"
"Законы РФ о защите интеллектуальной собственности (1992 год),"
"Заметки о огнестрельном оружии,"
"Западня глобализации,"
"Запаховые следы участников происшествия: обнаружение, сбор, организация исследования. Методические рекомендации,1993"
"Зарубежная литература XX века. Книга 2,1997"
"Зарубежье,2008"
"Зачем переплачивать? Как сэкономить при покупке ноутбуков, смартфонов, комплектующих и другой техники,2013"
"Защита авторского права в Интернете (теория и практика),"
"Защита прав водителя 2018,2018"
"Защита прав пациентов,"
"Защитная книга водителя,2011"
"Звездные Морпехи,"
"Здоровье малыша,2017"
"Зернистые мысли наших политиков,2007"
"Золотой сонник Миллера. Сновидения от А до Я,"
"Ибука Масару,"
"Иванов-Петров,"
"Из Зайсана через Хами в Тибет и на верховья Желтой реки. Третье путешествие в Центральной Азии 1879-1880,"
"Известные пресс-секретари,"
"Известные пресс-секретари,2008"
"Империя зла,"
"Инвестиции,"
"Ингвар Кампрад,"
"Инструкция НКВД СССР (№00134/13),"
"Инструкция по воздушному бою истребительной авиации (ИВБИА-45),1945"
"Инструкция по воздушному бою истребительной авиации (ИВБИА-45),1945"
"Информация как основа жизни,2000"
"Искусство обмана. Популярная энциклопедия,2002"
"Историческое описание одежды и вооружения российских войск. Том 19,"
"Историческое описание одежды и вооружения российских войск. Том 27,"
"Историческое описание одежды и вооружения российских войск. Том 28,"
"Историческое описание перемен в одежде и вооружении российских войск. Том 30,"
"Историческое описание перемен в одежде и вооружении российских войск.Том 31,"
"История,2015"
"История Беларуси,"
"История государства и права России,"
"История зарубежной литературы XIX века - Божена Немцова,1972"
"История мировых цивилизаций с древнейших времен до конца XX века. 10—11 кл.: Пособие для общеобразоват. учеб, заведений,"
"История на миллион долларов:,2008"
"История политических и правовых учений: Шпаргалка,2010"
"История политических и правовых учений. Шпаргалка,2010"
"История России IX–XXI веков в датах,"
"История химии с древнейших времен до конца XX века. В 2 т. Т. 2,2012"
"История цивилизаций мира. Методические рекомендации,2013"
"История чемпионатов Европы по футболу,2012"
"История. Новый полный справочник школьника для подготовки к ЕГЭ,2016"
"Исчисление простых чисел, сущность математического,"
"Иудаизм без Маски. Religion and Brotherhood of Man.,"
"Йозеф Шумпетер,"
"К. Леви-Стросс=Структурная антропология=Янко Слава (Библиотека Fort/Da),"
"Кабинет доктора Либидо. Том IV (З – И – Й – К),"
"Кабинет доктора Либидо. Том V (Л – М),"
"Казуо Инамори,"
"Как в России защитить право ребенка проживать с отцом,"
"Как воспитать здорового и умного ребенка. Ваш малыш от А до Я,"
"Как выжить в армии. Книга для призывников и их родителей,2007"
"Как действовать в условиях применения ядерного, химического и бактериологического оружия,1963"
"Как завоевать клиента,"
"Как завоевать клиента,"
"Как здорово, когда ребенок здоров! Книга обо всем для думающих родителей,2017"
"Как мы выиграем ЕВРО-2012,"
"Как найти высокооплачиваемую работу,"
"Как написать сценарий,"
"Как не дать себя обмануть. Книга 1,2012"
"Как не платить лишнего. Книга 2,2012"
"Как обманывают в автосервисе,"
"Как организовать исследовательский проект,2001"
"Как потребителю защитить свои интересы: рекомендации и примеры,"
"Как правильно ловить рыбу спиннингом,2004"
"Как учить чужой язык?,2004"
"Как читать анализы крови, мочи и кала. Домашний справочник,"
"Календарь благополучия и успеха 2014,2013"
"Календарь везения и успеха на 2015 год,2014"
"Календарь имен и дат,"
"Календарь любви и счастья. 2013,"
"Календарь любви и счастья. 365 самых сильных практик на каждый день 2015 года,2014"
"Календарь привлечения любви и счастья 2014 год,2013"
"Календарь привлечения любви и счастья на 2015 год,2014"
"Календарь счастья и удачи 2014 год,2013"
"Кампрад Ингвар – основатель IKEA,"
"Канстытуцыя Рэспублiкi Беларусь ад 15 сакавiка 1994 года (на белорусском языке),"
"Кардиология в ежедневной практике,"
"Карен Хорни,"
"Карл Бюлер,"
"Карл Роджерс,"
"Карманный справочник грибника,"
"Карманный справочник медицинских анализов,"
"Карманный справочник туриста,1982"
"Кармическая астрология. Все гороскопы мира, коды судьбы, совместимость,2014"
"Карта вашего рождения,"
"Карты Таро,"
"Каталог Библиотеки Всемирной Литературы,"
"Келли Дж.,"
"Керимов Сулейман Абусаидович – российский предприниматель,"
"Кидман Николь – киноактриса,"
"Кийосаки Роберт – американский предприниматель,"
"Кинологическое обеспечение деятельности органов и войск МВД РФ,1999"
"Кириленко Андрей Геннадьевич – российский баскетболист,"
"Киркорян Кирк – американский миллиардер, один из основоположников игорно-развлекательной индустрии Лас-Вегаса,"
"Клуни Джордж – киноактер,"
"Клюге Джон Вернер – основатель корпорации «Метро-медиа»,"
"Книга перевоплощений. Кем Вы были в прошлой жизни?,"
"Книга практической мудрости, или Как перехитрить Закон Подлости,"
"Книга-календарь на 2013 год. Заговоры и обереги на каждый день,"
"Книга-календарь на 2014 год. Заговоры и обереги на каждый день,"
"Книги о сильных женщинах,"
"Кодекс Законов О Труде Российской Федерации,"
"Коды неисправностей (карманный справочник),"
"Кольцевая автомобильная дорога Санкт-Петербурга. Справочник,"
"Коммерческие закупки. Взгляд изнутри.,2008"
"Конституционное право России. Шпаргалки,2012"
"Конституционные акты Великобритании,"
"Конституция Соединенных Штатов Америки (от 17 сентября 1787 года),"
"Конституция Японии (от 3 мая 1947 года),"
"Концепция борьбы с международным терроризмом в системе международного гуманитарного права,"
"Концепция комплектования тревожного чемоданчика,"
"Концепция по аптечке,"
"Копперфильд Дэвид – иллюзионист,"
"Корабли ВМФ СССР. Том 2. Ударные корабли. Часть 2. Малые ракетные корабли и катера,2004"
"Корабли ВМФ СССР. Том 3. Противолодочные корабли. Часть 1. Противолодочные крейсера, большие противолодочные и сторожевые корабли,2005"
"Корабли ВМФ СССР. Том 3. Противолодочные корабли. Часть 2. Малые противолодочные корабли,2005"
"Крабов Вадим. Эгнор, Книга 1. Общий файл,"
"Краткий словарь алкогольных терминов,1994"
"Краткий справочник по истории России,2017"
"Краткий справочник по обществознанию,2016"
"Краткое описание противотанковой мины ЯМ-5,1941"
"Краткое содержание произведений русской литературы I половины XX века (сборник 2),"
"Краткое содержание произведений русской литературы I половины XX века (сборник 2),"
"Кратокрафан,"
"Кратчайшая история музыки. Самый полный и самый краткий справочник,2011"
"Крейсера, большие противолодочные корабли, эсминцы,"
"Крепкие напитки,2003"
"Крещение Литвы,"
"Криминальный гипноз,1999"
"Крок Рей – основатель компании «Макдоналдс»,"
"Крупнейшие мировые аферы. Искусство обмана и обман как искусство,2008"
"Кто есть кто в античном мире,1993"
"Кто есть кто на российском телевидении - 2001,2001"
"Кто предавал Россию,2008"
"Курт Левин,"
"Лiкарськi рослини Прикарпаття,"
"Лiкарськi рослини Прикарпаття,"
"Ламборгини Ферручио – основатель компании Lamborghini,"
"Латвийский путь к новому кризису.,1012"
"Лаудер Эсти – владелица косметической компании Estee Lauder Inc,"
"Леваев Лев – Израильский предприниматель,"
"Лекарственные средства. Новейший справочник,2012"
"Лечение болезней печени, почек, мочевого пузыря, желчевыводящих и мочевыводящих путей,"
"Лечение растениями. Энциклопедический справочник,"
"Ли Бьонг Чхуль,"
"Лисин Владимир – российский предприниматель,"
"Лицо несчастья,2002"
"Ловим со льда. Все секреты зимней рыбалки,"
"Ловля рыбы со льда,2004"
"Логистика,"
"Лор-заболевания: конспект лекций,2007"
"Лу Герстнер,"
"Лука Пачоли,"
"Лунный дачный календарь на 2017 год,2016"
"Лусио А. Ното,"
"Лучшее для здоровья от Брэгга до Болотова. Большой справочник современного оздоровления,2009"
"Лучшие мысли и изречения древних в одном томе,2015"
"Любовь у помешанных,"
"Магия Вселенной и возможности человека,1998"
"Мадонна – певица,"
"Майкл Делл,"
"Майкл Портер,"
"Майкл Эйснер,"
"Мак-Кей Харви – администратор корпорации «Мак-Кей Энви-лоуп»,"
"Маккартни Пол – певец,"
"Макс Вебер,"
"Малькольм Стивенсон Форбс,"
"Марк Дюрст,"
"Маркетинг услуг. Настольная книга российского маркетолога практика,2006"
"Маркетинговое консультирование,"
"Марс – семья миллиардеров, владельцы продовольственной компании,"
"Марч Джеймс,"
"Мастера афоризма. Мудрость и остроумие от Возрождения до наших дней,"
"Мастера и шедевры. т. I,1986"
"Мастера и шедевры. Том 3,1988"
"Мастерство переговоров,"
"Махмудов Искандер – российский предприниматель,"
"Мацусита Коносуке– глава Matsushita Electric Industrial Ltd,"
"Медицинские анализы: диагностический справочник,"
"Медицинские запоминалки,"
"Международное частное право: Шпаргалка,2010"
"Международные стандарты аудита: Шпаргалка,2009"
"Международные экономические отношения: конспект лекций,"
"Международные экономические отношения: конспект лекций,2008"
"Менеджмент в системе негосударственных правоохранительных организаций (Мекосепрология),"
"Метафизика пата,"
"Метро 2033. Передистория,"
"Микробиология: словарь терминов,2006"
"Милтон Фридмен,"
"Мир брата Кадфаэля,2006"
"Митин журнал,"
"Містика сновидінь. Практичний сонник,"
"Младенец. Руководство пользователя: Инструкция по эксплуатации, рекомендации по устранению неисправностей, советы по первому году технического обслуживания,2016"
"Мобильник: любовь или опасная связь? Правда, которой не расскажут в салонах мобильной связи,2008"
"Монголия и страна тангутов. Первое путешествие в Центральной Азии 1870-1873 гг,"
"Мордашов Алексей Александрович – генеральный директор «Северсталь-групп»,"
"Морские вооружения прибалтийских стран,1933"
"Морской биографический словарь,2008"
"Москва футбольная. Полная история в лицах, событиях, цифрах и фактах,2016"
"Мудрость тысячелетий от А до Я,2007"
"Мудрость тысячелетий от А до Я. Великие мысли и афоризмы великих людей,2010"
"Музы и грации. Афоризмы,2005"
"Мур Гордон – основатель корпорации Intel,"
"Мы и они. Наглядное наставление по выявлению этнического родства,2005"
"Мысли и афоризмы,"
"Мысли и афоризмы,"
"Мысли и афоризмы древних римлян,"
"Мысли и изречения древних с указанием источника,"
"Мысли, афоризмы и шутки выдающихся женщин,2007"
"Мысли, афоризмы и шутки знаменитых мужчин,2004"
"Мысли, афоризмы, цитаты. Политика, журналистика, правосудие,2008"
"Мысль, Хроноцентрический мир,"
"Мэрдок Руперт – основатель холдинга “Ньюс Корпорейшн”,"
"Мэри Паркер Фоллетт,"
"На официальном приеме,2006"
"Название Книги,"
"Названное именем геолога,1982"
"Напутствие Вождю,"
"Народные советы. Железо ПК,"
"Наставление по стрелковому делу (НСД-38) ружейный гранатомет и ружейная граната,1940"
"Наставление по стрелковому делу (НСД-38) самозарядная винтовка обр. 1940 г.,1940"
"Наставление по стрелковому делу (НСД-40 82БМ) 82-мм батальонный миномет,1941"
"Наставление по стрелковому делу (НСД-42) противотанковое самозарядное ружье обр. 1941 г. системы Симонова – ПТРС и противотанковое однозарядное ружье системы Дегтярева обр. 1941 г. – ПТРД,1942"
"Наставление по стрелковому делу 7,62-мм пулемет Горюнова (СГМ, СГМБ,СГМТ),1984"
"Наставление по стрелковому делу 7,62-мм ручной пулемет Дегтярева (РПД),1957"
"Наставление по стрелковому делу 7,62-мм самозарядный карабин Симонова (СКС),1984"
"НАСТАВЛЕНИЕ ПО СТРЕЛКОВОМУ ДЕЛУ 93-мм РЕАКТИВНЫЙ ПЕХОТНЫЙ ОГНЕМЕТ (РПО-А),1989"
"Наставление по стрелковому делу автомат (пистолет-пулемет) обр. 1941 г. конструкции Шпагина Г. С.,1946"
"Наставление по стрелковому делу винтовка обр. 1891/30 г. и карабины обр. 1938 г. и обр. 1944 г.,1954"
"Наставление по стрелковому делу ОСОАВИАХИМА винтовка «Арисака» образца 1905 года,1932"
"Наставление по стрелковому делу ОСОАВИАХИМА винтовка «Ли-Энфильд» образца 1914 г.,1932"
"Наставление по стрелковому делу ОСОАВИАХИМА винтовка «Манлихер» образца 1895 года,1932"
"Наставление по стрелковому делу ОСОАВИАХИМА винтовка «Росс» образца 1910 г.,1932"
"Наставление по стрелковому делу П. П. Д. (пистолет-пулемет системы Дегтярева обр. 1934 г.),1938"
"Наставление по стрелковому делу револьвер обр. 1895 г. и пистолет обр. 1933 г.,1975"
"Наставление по стрелковому делу снайперская винтовка Драгунова (СВД),1984"
"Наставление по стрелковому делу. Ручной пулемет ДП,1946"
"Настоящая леди. Правила хорошего тона и стиля,2012"
"Настоящий джентльмен. Правила современного этикета для мужчин,"
"Не хочу переплачивать налоги,2007"
"Некоторые вопросы организации и тактики действий незаконных вооруженных формирований Чеченской Республики,"
"Некоторые вопросы организации и тактики действий незаконных вооруженных формирований Чеченской Республики,"
"Неотложные состояния у детей. Новейший справочник,"
"Непал: Обычаи и этикет,"
"Неумолимое уравнение,"
"Новейший справочник автомобилиста,2007"
"Новейший справочник уникальных фактов в вопросах и ответах,"
"Новые лица на рынке труда: словарь-справочник,"
"Новые правила, новые штрафы,2013"
"Новые штрафы для нарушителей ПДД.,2014"
"Новый закон о наркотиках,"
"Новый подход к чтению ладони,2010"
"Норберт Винер,"
"Носимый противотанковый комплекс 9К115. Техническое описание 9К115.00.000 ТО,1985"
"Нотариат (Практическое пособие),"
"О 'Никонове' и не только о нём,"
"О поисках работы,"
"О распознавании и собирании гравюр. Пособие для любителей,2003"
"О царь– колоколе, бубенцах, валдайских колокольчиках, о биле и ерихонских трубах,1997"
"О чем расскажет ЭКГ,2016"
"Об упорядочении использования специальных сигналов и особых государственных регистрационных знаков на автотранспорте,"
"Обзоры ножей ведущих производителей,"
"Обществознание. Полный справочник для подготовки к ЕГЭ,"
"Общестроительные отделочные работы: Практическое пособие для строителя,2009"
"Общие мысли: что должно быть в автомобиле?,"
"Одно предложение: афоризмы, поговорки, определения,"
"Олилла Йорма – бизнес-лидер корпорации «Нокиа»,"
"Онассис Аристотель – греческий миллиардер,"
"Опасные морские животные,1989"
"Описание автоматического пистолета ""Т. К."",1930"
"Описание автоматического пистолета ""Т. К."",1930"
"Описание легкого пулемета Шоша,1923"
"Организация и ведение бизнеса в сфере торговли и услуг,"
"Организация и ведение бизнеса в сфере торговли и услуг,2006"
"Оренбург,1977"
"Оригами с детьми 3-7 лет. Методическое пособие,2012"
"Оружие милиции,"
"Оружие милиции. Часть 1,"
"Оружие милиции. Часть 1,"
"Оружие пехоты 97,"
"Оружие пехоты. Справочник,1997"
"Оружие специальное, необычное, экзотическое,2003"
"Оскар Уайльд. Афоризмы,"
"Основной боевой танк Т-80,1993"
"Основной закон Федеративной Республики Германии от 23 мая 1949 года,"
"Основные государственные законы Российской Империи (от 23 апреля 1906 года),"
"Основы закаливания,1953"
"Основы ныряния с задержкой дыхания:Учебно-методическое пособие по фридайвингу,2011"
"Основы социальной работы: Шпаргалка,2010"
"Основы тактической подготовки современного солдата,2006"
"Основы управления конкурентоспособностью,"
"Основы управления конкурентоспособностью,"
"Острые отравления у детей,"
"От Кяхты на истоки Желтой реки Четвертое путешествие в Центральной Азии (1883-1885 гг.),"
"Ответы на билеты по географии 11 класс,"
"Ответы на экзаменационные билеты по русскому языку 11 класс,"
"Ответы на экзаменационные билеты по эконометрике,"
"Откровение одиночки (продолжение),"
"Офіцерський корпус Армії Української Народної Республіки (1917—1921),2007"
"Охота для начинающих,"
"Охотничьи боеприпасы и снаряжение патронов к охотничьим ружьям,2008"
"Пpактическое пpименение Эpиксоновского гипноза в бизнесе, пpоведение пеpеговоpов, pеклама, общение,"
"Паккард Дэвид – основатель Hewlett Packard,"
"Памятка гражданам СССР, выезжающим за границу,1990"
"Памятка для тех, кому предстоят допросы,1969"
"ПАМЯТКА ПАРТОРГУ ПАРТИЙНОЙ ОРГАНИЗАЦИИ СТРЕЛКОВОЙ РОТЫ,"
"Памятка по обращению с американским 11,43-мм пистолетом-пулеметом Рейзинга,1942"
"Памятка по преодолению штурмовой полосы,1943"
"Памятка разведчику по маскировке,1942"
"Памятники архитектуры Московской области: Иллюстрированный научный каталог. Выпуск 1.Часть 2,1999"
"Пауль Энтони Самуэльсон,"
"ПДД от ГИБДД Российской Федерации 2010. С комментариями и советами,2010"
"Педиатрия: полный справочник для родителей,Эксмо"
"Пейдж Лари – основатель Google,"
"Пеле – бразильский футболист,"
"Перельман Рональд – предприниматель, основатель бизнес-империи,"
"Переносной противотанковый комплекс 9К11. Техническое описание и инструкция по эксплуатации,1971"
"Перепланировка и переустройство квартиры,"
"Перо Росс – основатель корпорации “Electronic Data Systems”,"
"Пессель М. Заскар. Забытое княжество на окраине Гималаев,"
"Петербург в названиях улиц. Происхождение названий улиц и проспектов, рек и каналов, мостов и островов,"
"Петербург в названиях улиц. Происхождение названий улиц и проспектов, рек и каналов, мостов и островов,2008"
"ПЗРК «Стрела-2»,1969"
"ПЗРК «Стрела-2»,1969"
"Писатели Дальнего Востока. Биобиблиографический справочник. Выпуск 2,1989"
"Пистолет и револьвер в России,1992"
"Пистолеты и револьверы. Выбор, конструкция, эксплуатация,2010"
"Питер Друкер,"
"Питер Линч,"
"Пишем курсовую работу,2016"
"Пищевые добавки, красители и консерванты,"
"Планирование на предприятии,"
"Планирование на предприятии: Шпаргалка,2010"
"Плетение из соломки – от деда Василия,"
"Подборка материалов по современному состоянию армии,"
"Подготовка разведчика - система спецназа ГРУ,2004"
"Подготовка разведчика - система спецназа ГРУ,"
"Покупатель не всегда прав! Типовые ситуации по защите прав всех участников процесса купли-продажи товаров и услуг,"
"Политическая декларация OOH про наркотики,"
"Политология в схемах и комментариях,"
"Политология в схемах и комментариях,"
"Политология: ответы на экзаменационные билеты,"
"Политология: хрестоматия,"
"Полная хронология дел Шерлока Холмса,2013"
"Полная энциклопедия грибов,"
"Полная энциклопедия попаданцев в прошлое, 21-я редакция,0101"
"Полная энциклопедия попаданцев в прошлое, 22-я редакция,2019"
"Полный Глоссарий Сериала Сварог (СИ),"
"Полный курс здоровья для всей семьи,2017"
"Полный медицинский справочник фельдшера,"
"Полный медицинский справочник. Диагностика. Симптоматика. Лечение,2017"
"Полный справочник для тех, у кого диабет,"
"Полный справочник по уходу за больными,2011"
"Полный справочник пчеловода,2010"
"Понять небо,1997"
"Популярная анатомия. Строение и функции человеческого тела,2004"
"Популярная история — от электричества до телевидения,"
"Популярная история медицины,"
"Пора лечиться правильно. Медицинская энциклопедия,2018"
"Пособие по ароматерапии для начинающих,"
"Потанин Владимир – российский бизнесмен,"
"Права водителя для чайников с изменениями на 2018 год,2018"
"Права водителя с изменениями на 2017 год. Как противостоять недобросовестному гаишнику? С таблицей штрафов,2017"
"Права и обязанности водителя,2009"
"Правила дорожного движения,"
"ПРАВИЛА ДОРОЖНОГО ДВИЖЕНИЯ,"
"Правила дорожного движения Республики Беларусь,"
"Правила дорожного движения Российской федерации 2010 по состоянию на 1 января 2010 г.,2010"
"Правила дорожного движения РФ 2015 год,2015"
"Правила игры в игру без правил,0101"
"Правила русской орфографии и пунктуации. Полный академический справочник,2007"
"Правила успешных свиданий для девушек,2014"
"Правильный ремонт от пола до потолка: Справочник,2009"
"Право интелектуальной собственности: Шпаргалка,2010"
"Право руля! – 3,2008"
"Право руля! – 3 (полная версия),2008"
"Правовая грамотность. Самоучитель для водителей,2011"
"Правоведение: Шпаргалка,2010"
"Правоведение. Шпаргалка,2010"
"Православные коаны,"
"Предлоги английского языка,"
"Премджи Азим – индийский предприниматель,"
"Преступления века,"
"Приготовление целебных спиртных напитков,1996"
"Примерные вопросы и ответы к экзамену по биологии. 11 класс,"
"Про налоги с владельцев транспортных средств,"
"Про юбочку с кофточкой (Alexander Matlin),"
"Прогноз событий вашей жизни,"
"Проект Конституции Российской Федерации (опубликован в июле 1993 года),"
"Прокурорский надзор: Шпаргалка,2010"
"Промальп в ответах на вопросы,2005"
"Противопехотная мина МОН-90. Инструкция по эксплуатации,1982"
"Противопехотная фугасная мина ПМН-4 инструкция по устройству и применению,1994"
"Противопехотные деревянные мины ПМД-6, ПМД-7 и ПМД-7Ц,1942"
"Противотанковая мина ТМ-42 (немецкая),1943"
"Противотанковая мина ТМ-62П2 с взрывателем МВП-62,1969"
"Противотанковая мина ТМ-72 и минный взрыватель МВН-72,1974"
"Противотанковая мина ТМ-89 инструкция по устройству и применению,1993"
"Протокол и этикет дипломатического и делового общения,1996"
"Профессия повар. Учебное пособие,2006"
"Прохоров Михаил – российский предприниматель,"
"Психологическое консультирование,"
"Психологическое консультирование,"
"Психология,"
"Психология и педагогика в схемах и комментариях,"
"Психология: Шпаргалка,2010"
"Психология. Полный курс,2010"
"Психология. Словарь-справочник: В 2 ч. Часть 1,"
"Психология. Словарь-справочник: В 2 ч. Часть 2,"
"Психолого-педагогические условия подготовки юных спортсменов 9–12 лет,"
"Психотерапия,"
"Пулеметы русской армии в бою,2008"
"Путеводитель по «Отчаянным домохозяйкам». Сезон 1,"
"Путеводитель по «Отчаянным домохозяйкам». Сезон 2,"
"Путеводитель по «Отчаянным домохозяйкам». Сезон 3,"
"Путеводитель по «Отчаянным домохозяйкам». Сезон 4,"
"Путеводитель по «Отчаянным домохозяйкам». Сезон 5,"
"Путеводитель по «Отчаянным домохозяйкам». Сезон 6,"
"Путеводитель по «Отчаянным домохозяйкам». Сезон 7,"
"Путеводитель по жизни: Неписанные законы, неожиданные советы, хорошие фразы made in USA,2009"
"Путеводитель по Шекспиру. Английские пьесы,2007"
"Путешествия без турагентств,2011"
"Путь к богатству народов,"
"Пушкин. Жизнь в цитатах: Лечебно-профилактическое издание,"
"Пчелы в радость,"
"Пчелы в радость, или Опыт естественного подхода в пасечном деле,2009"
"Р. И. Шендерова,"
"Работа не волк. Афоризмы,"
"Разведение и выращивание гусей,"
"Разведение и выращивание индюков, перепелок и цесарок,2017"
"Различные учебные материалы института МВД,"
"Разные попаданцы. Путеводитель,"
"Разные попаданцы. Хронология,"
"Разработка патронов к гладкоствольному оружию,2013"
"Ральф Ларсен,"
"Рассвет Сингулярности,"
"Револьверы Смитта-Вессона, состоящiе на вооруженiи русскихъ войскъ,1882"
"Регионоведение,"
"Рей Гилмартин,"
"Рекорды в мире природы,2003"
"Релейная защита в распределительных электрических Б90 сетях,2011"
"Ремонт сантехники,2006"
"Ремонт часов,1961"
"Ремонт часов своими руками. Пособие для начинающего мастера,2001"
"Рецепты Алкофана. Теория и практика приготовления спиртных напитков дома,"
"Рецепты для мультиварки SUPRA MCS-4511,"
"Речевой этикет. Русско-немецкие соответствия. Справочник,1989"
"Ржавые Острова | Беркем аль Атоми,"
"Риторика,"
"Риторика,1978"
"Ричард Дж. Деннис,"
"Роберт Оуэн,"
"Робертс Джулия – американская актриса,"
"Рокфеллер Джон Дэвисон – американский миллиардер,"
"Ролф Йенсен,"
"Романовы. Биографический справочник,2006"
"Рональд Коуз,"
"Россiйскiй медицинскiй списокъ,1914"
"Российские деятели украинского происхождения,2004"
"Ротшильды – династия предпринимателей,"
"Роулинг Джоан – английская писательница,"
"Ругательства на 15 языках,"
"Руководство Proshow Producer Version 4.5,"
"Руководство по 30-мм автоматическому гранатомету на станке (АГС-17),1982"
"Руководство по 40-мм подствольному гранатомету ГП-25,1983"
"Руководство по ведению партизанской войны (перевод),1988"
"Руководство по открыванию замков,"
"Руководство по пистолет-пулемету Томпсона кал. .45 (11,43 мм.) М1928А1,1942"
"Руководство по ремонту часов,1965"
"Руководство службы 7,62-мм станковый пулемет обр. 1939 г.,1940"
"Русская литература XII–XX вв.,"
"Русская литература сегодня. Новый путеводитель,2009"
"Русский орфографический словарь,2005"
"Рыбалка по открытой воде,"
"Рыбная кулинария для хозяек и рыболовов,2005"
"Рыбы России (Том второй),1993"
"Рыбы России (Том первый),1993"
"Рыбы у себя дома,1988"
"Рынок продовольственных товаров,"
"Рынок продовольственных товаров,"
"Рыцари Дикого поля,"
"Сабан Хаим – медиамагнат,"
"Сага о колее,"
"Саймон, Герберт Александер,"
"Сам себе сисадмин. Победа над «домашним» компьютером,2016"
"Самая нужная книга для самого нужного места. 1000 невероятных фактов, которых вы не знали,2011"
"Саммер Редстоун – глава киноиндустрии Парамаунт Пикчерз,"
"Самогон. Оборудование и рецепты домашнего приготовления,1998"
"Самозащита,1991"
"Самолетовождение [Пособие для аэроклубов},1958"
"Самые богатые люди современности,"
"Самые известные заблуждения о науке, биологии, истории, анатомии и сексе,2014"
"Самые надежные рыбацкие узлы,2004"
"Сантехника: выбираем и подключаем самостоятельно,2006"
"Сборник основных дат и событий школьного курса отечественной и зарубежной истории с древнейших времен до начала XXI в.,"
"Сварочные работы. Практическое пособие,2015"
"Свидание с мертвецом,"
"Свиноводство,"
"Сейф электронный модели ЕА,"
"Серебряный мир,"
"Серія ""Бібліотека пригод та наукової фантастики"" видавництва ""Молодь"","
"Серія ""Наукова фантастика"" видавництва ""Веселка"","
"Серія ""Пригоди. Фантастика"" видавництва ""Веселка"","
"Серія ""У світі пригод"" видавництва ""Веселка"","
"Серія ""У світі пригод"" видавництва ""Веселка"","
"Серія Компас видавництва ""Молодь"","
"Сетевидение,"
"Ситроен Андре – создатель фирмы «Citroen»,"
"Сказки пяти континентов,2013"
"Скорая помощь на дому,2017"
"Слабости сильного пола. Афоризмы,2006"
"Слова в истории. Великие личности и знаменательные события,2007"
"Словарь названий и собственных имен Скаргиара,"
"Словарь современных цитат,2006"
"Словарь-справочник русских личных имен,"
"Словарь-справочник: экономика, внешняя торговля, выставки,2012"
"Словарь-указатель имен и понятий по древнерусскому искусству,1991"
"Служебная собака. Руководство по подготовке специалистов служебного собаководства,1952"
"Случайное расследование (Дмитрий Кащеев) / литература для детей / Проза.ру - национальный сервер современной прозы,"
"Сметное ценообразование в строительстве,"
"Смолл Марвин – основоположник теории маркетинга,"
"Соварь скептика, том 1 редакция 2 (2012 год),"
"Советские авиационные ракеты ""Воздух-воздух"",2005"
"Советы молодому хирургу,1991"
"Советы по строительству бани,2001"
"Советы по строительству бани,2001"
"Советы сельскому мотоциклисту,1984"
"Современные отделочные и облицовочные материалы. Практический справочник для строительства и ремонта домов и квартир,"
"Современный русский язык. Практическое пособие,2005"
"Создание электронных книг из сканов. DjVu или Pdf из бумажной книги легко и быстро,2009"
"Солдату о подрывном деле,1956"
"Сонник А. С. Пушкина,"
"Сонник Г. Распутина,"
"Сонник Д. И. Менделеева,"
"Сонник Екатерины II,"
"Сонник Петра I,"
"Сорос Джордж – президент и председатель компании Soros Fund Management LLC,"
"Социология и психология управления,"
"Социология: конспект лекций,"
"Спpавочка об автоpах эпиграфов Асприновских Мифов,"
"Специальные виды туризма,2008"
"Спецслужбы Третьего Рейха: Книга 1,2003"
"Спецслужбы Третьего Рейха: Книга 2,2003"
"Список детских книг из Fido7_Su_Books_For_Children,"
"Список литературы по системе Овсинского И.Е.,"
"Список публикаций Д. Е. Громова и О. С. Ладыженского (Г. Л. Олди) на 2004 год,"
"Список участников ""автомайдана"","
"Справочник автолюбителя,2007"
"Справочник Астрального оздоровления,"
"Справочник БАДов,2013"
"Справочник велосипедиста,1976"
"Справочник водителя 2016. Штрафы, оформление ДТП и нарушений, страхование,2015"
"Справочник грибника,2005"
"Справочник домашнего сантехника,1996"
"Справочник коротковолновика Украины,2010"
"Справочник кроссвордиста,"
"Справочник КУСТАРЯ,"
"Справочник мастера-электрика. Проводка, розетки, техника безопасности, инструмент,2017"
"Справочник необходимых знаний,2009"
"Справочник основных лекарственных средств,2012"
"Справочник по ересям, сектам и расколам,1994"
"Справочник по лечебному массажу и самомассажу (от диагноза к лечению),2017"
"Справочник по правописанию и стилистике,1997"
"СПРАВОЧНИК ПО ПРАВОПИСАНИЮ, ПРОИЗНОШЕНИЮ, ЛИТЕРАТУРНОМУ РЕДАКТИРОВАНИЮ,1999"
"Справочник по проектированию электрических сетей,2012"
"Справочник по русскому языку. Пунктуация,2002"
"Справочник попаданцев,"
"Справочник православного человека. Часть 1. Православный храм,2007"
"Справочник православного человека. Часть 3. Обряды Православной Церкви,2008"
"Справочник православного человека. Часть 4. Православные посты и праздники,2009"
"Справочник практического врача. Книга 1,2007"
"Справочник радиолюбителя,1938"
"Справочник риэлтора,2006"
"Справочник риэлтора,2006"
"Справочник рыболова,2005"
"Справочник семейного доктора,"
"Справочники Джейн БОЕВЫЕ КОРАБЛИ,1999"
"Справочное пособие по цифровой электронике,1990"
"Спутник партизана,1943"
"Сталлоне Cильвестр – американский актер, режиссер, сценарист, продюсер,"
"Статьи о ножах и не только,"
"Статьи. Knifeclub.ru,"
"Статья по выбору снаряжения для туриста-новичка,"
"Стив Кейс,"
"Стихотворчество. Пара мыслей,"
"Страна хороших девочек, или Коучинг для успешных женщин,2014"
"Странности нашего мозга,2008"
"Странности нашей эволюции,2010"
"Страховое дело: Шпаргалка,"
"Стрельба из пистолета,1954"
"Стругацкие. Комментарий для генерации NEXT,"
"Стюарт Марта – владелица корпорации Martha Stewart Living Omnimedia,"
"Судебная практика с комментариями по трудовому законодательству,"
"Судебная практика с комментариями по трудовому законодательству,"
"Супермышление,2003"
"Существуют ли биологические механизмы регуляции численности людей?,"
"Сэм Уолтон,"
"Т-64. ОСНОВНОЙ БОЕВОЙ ТАНК,"
"Тайны драгоценных камней,2002"
"Тактика применения специальных собак (специальный курс дрессировки),"
"Тактическая стрельба,2008"
"Твое тело говорит «Люби себя!»,2002"
"Тематическое и поурочное планирование по ОБЖ. 10 класс,"
"Тематическое и поурочное планирование по ОБЖ. 11 класс,"
"Темные сестры. Глоссарий,"
"Теория организации,"
"Теория организации: Шпаргалка,2010"
"Техника стрельбы из пращи и способы ее держания,"
"Техника стрельбы из пращи и способы ее держания,"
"Техника фехтования ножом, мечем и кинжалом,2003"
"Технологии для Домашнего компьютера,"
"Технология хранения и транспортирования товаров,2009"
"Типы советских подводных лодок,"
"Толковый словарь для современных родителей,2010"
"Томас Уотсон,"
"Траволта Джон – киноактер,"
"Трагические самоубийства,2003"
"Трактат о женской самообороне. Практическое пособие,2001"
"Трилогия: вопросы и ответы,"
"Трофейное оружие,1943"
"Трудовое право: Шпаргалка,2010"
"Тусовка решает все. Секреты вхождения в профессиональные сообщества,2006"
"Тюремная энциклопедия,"
"Тюрьма и зона,"
"Уголовный Кодекс Российской федерации (1996 год),"
"Уголовный процесс,"
"Ударные корабли. Часть 2 Малые ракетные корабли и катера,2004"
"Узлы,"
"Уильям Эдвард Деминг,"
"Уинфри Опра – телеведущая,"
"Универсальный ASIO-драйвер для звуковых WDM-устройств,"
"Универсальный медицинский справочник. Все болезни от А до Я,"
"Универсальный справочник практикующего врача,2013"
"Универсальный справочник прораба. Современная стройка в России от А до Я,"
"Универсальный цитатник политика и журналиста,"
"Уолтон Сэм – основатель торговой сети универсальных магазинов Wal-Mart,"
"Уоррен Эдвард Баффетт,"
"Управление операционной логистической деятельностью,2018"
"Управление персоналом,"
"Управление финансами,2008"
"Уроки искусного резчика. Вырезаем из дерева фигурки людей и животных, посуду, статуэтки,2011"
"Усовершенствуйте свою память,2003"
"Уфологический словарь-справочник,"
"Учебник по выживанию в новой стране,"
"Учимся читать в три раза быстрее за 20 минут - Лайфхакер,"
"Уэлч Джек – американский предприниматель,"
"Файл для проверки E-book при покупке,"
"Фактор превосходства,"
"Факты, страны, века,"
"Фантастика на страницах журналов «Химия и жизнь», «Наука и техника»,1990"
"Фантастические звери и места их обитания,2009"
"Фантастические произведения русских, советских писателей, опубликованные в журналах в 1945-1989 гг.,2019"
"Фармакологическая помощь спортсмену: коррекция факторов, лимитирующих спортивный результат,2007"
"Фармакотерапевтический справочник педиатра,2003"
"Феномен международного терроризма, Осмысление глобального вызова,"
"Феномен фантастики (Знання та праця 1990 01),"
"Феррари Энцо – основатель автомобильной корпорации,"
"Филателистическая география. Европейские зарубежные страны.,1981"
"Филателистическая география. Страны Азии (без СССР).,1984"
"Филипп Котлер,"
"Филипп Найт,"
"Философия и история философии,2010"
"Философия Науки. Хрестоматия,2005"
"Философия солиптизма; Система чистого разума; Богодоказательство,"
"Философия Союзного государства, Тезисы,"
"Финансы: Шпаргалка,2010"
"Форд Генри – владелец компании Ford Motor Company,"
"Формула правильного питания (Методическое пособие),2009"
"Формула успеха. Настольная книга лидера для достижения вершины,2008"
"Форс-мажор,"
"Фортификационный словарь,1946"
"Фортификационный словарь,1946"
"Фотосъемка. Универсальный самоучитель,2003"
"Французский справочник по военному альпинизму,1934"
"Фрегат «Звенящий»,2007"
"Фред Смит,"
"Фред Фидлер,"
"Фредерик Герцберг,"
"Фредерик Тейлор,"
"Фредерик Эдмун Эмери,"
"Фридман Михаил – российсий предприниматель,"
"Фрэнк и Лилиан Гилбреты,"
"Фтизиатрия. Справочник,"
"Фуко Мишель Поль,"
"Хайнц Нордхофф,"
"Хаммер Арманд – нефтяной магнат,"
"Хан Герман – российский предприниматель,"
"Ханс Бекерер,"
"Ханс Юрген Айзенк,"
"Хант Гарольдсон Лафайет – нефтяной магнат,"
"Херб Келлегер,"
"Химическая проверка и чистка марок,1970"
"Холодное и огнестрельное оружие,"
"Хронологический указатель трудов,"
"Художественная обработка металла. Драгоценные и полудрагоценные камни,"
"Художники в Удомельском крае,1983"
"Хьюз Говард – миллиардер США,"
"Хэндлер Рут – создательница куклы Барби,"
"Целебные чаи и оздоровительные сборы,2007"
"Целебные чаи и оздоровительные сборы. Приготовление. Рецепты. Применение.,2007"
"Цигун ""Железная ладонь"". Практическое руководство,2006"
"Цитаты из всемирной истории. От древности до наших дней. Справочник,2006"
"Цитаты из русской истории. От призвания варягов до наших дней. Справочник,2005"
"Цитаты из русской литературы. Справочник,2005"
"Цифровая фотография в простых примерах,2007"
"Чак Найт,"
"Чарлз Шваб,"
"Чарльз Эдвард Линдблом,"
"Черный 'Калашников',"
"Честер Барнард,"
"Четыре возраста человека. Афоризмы,"
"Числа Судьбы: пифагорейская, индийская и китайская нумерология,2008"
"Чрезвычайные ситуации социального характера и защита от них,2007"
"Что есть что в мировой политике,2016"
"Что надо знать воину Красной Армии о боевых приемах немцев,1942"
"Что происходит с моим телом? Книга для мальчиков,2012"
"Чужак. Справочник по плетениям, тварям, доспехам и оружию,"
"Шаг-маятник. Искусство уклонения от выстрелов, методы скоростной стрельбы и техника обезоруживания,2002"
"Шарапова Мария – российская спортсменка,"
"Шваб Чарльз– учредитель брокерской компании Charles Schwab & Co.,"
"Шварценеггер Арнольд – американский актер,"
"Шелли Лазарус,"
"Шеффер Бодо – консультант по финансовым вопросам,"
"Шиффер Клаудиа – фотомодель,"
"Школа выживания. Как избежать голодной смерти,2002"
"Шмелева Елена. Игры властителей.,"
"Шпаргалка по договорному праву,"
"Шпаргалка по инвестициям,"
"Шпаргалка по коммерческому праву,"
"Шпаргалка по коммерческому праву. Ответы на билеты,"
"Шпаргалка по конкуренции,"
"Шпаргалка по конфликтологии,"
"Шпаргалка по МСФО,"
"Шпаргалка по праву Евросоюза,"
"Шпаргалка по теории организации,"
"Шрифты для художников оформителей,1984"
"Штурмовые винтовки мира,"
"Щит от кредиторов. Увеличение доходов в кризис, погашение задолженности по кредитам, защита имущества от приставов,2015"
"Эдуард Ходос - ЕВРЕЙСКИЙ СМЕРЧ,"
"Экология,"
"Экономика недвижимости,2008"
"Экономика от А до Я: Тематический справочник,"
"Экономическая журналистика,2008"
"Эксплуатация электрических подстанций и распределительных устройств,2011"
"Эл Зейн,"
"Электричество: просто и безопасно [в вопросах и ответах],2012"
"Электронные устройства для глушения беспроводных сигналов (GSM, Wi-Fi, GPS и некоторых радиотелефонов),2016"
"Электроплита «Мечта-8». Техническое описание и схема.,"
"Элизабет Доул,"
"Эллисон Лоуренс – основатель комании «Оракул»,"
"Энди Гроув,"
"Эндокринология,2010"
"Энтони Хопвуд,"
"Энциклопедический словарь кинологических терминов,1996"
"Энциклопедический словарь псевдонимов,"
"Энциклопедия менеджмента,2004"
"Энциклопедия примет погоды. Предсказание погоды по местным признакам,2003"
"Энциклопедия русских фамилий. Тайны происхождения и значения,2008"
"Энциклопедия татуировок,2013"
"Энцо Феррари,"
"Эрик Берн,"
"Эрик Эриксон,"
"Эрнст Шумахер,"
"Это ваше Fido,2020"
"Юридический справочник,"
"Юридический справочник на все случаи жизни,"
"Юридический справочник на все случаи жизни,"
"Як ми говоримо,"
"Якокка Ли – менеджер,"
"Янг Джерри – основатель поисковой Интернет системы Yahoo,"
"Японское наставление по подготовке танковых частей 1935 г.,1938"
"A Medical Story,"
"Ad porcos,1967"
"Adobe Audition 3 учебник,"
"Benefit of Russian,"
"Childrens Portrait Photography Handbook: Techniques for Digital Photographers[2nd edition],2010"
"Chinese Stories (Alexander Matlin),"
"DEEP PURPLE. Короли Скорости,2003"
"Dialog with a Child,"
"Dictionnaire amoureux de la France,2011"
"Dictionnaire amoureux de San-Antonio,2017"
"Drink with CIA,"
"Drinks. Практический путеводитель. Крепкий алкоголь. Коктейли. Вино & пиво,2017"
"Enciklopedio de Esperanto,"
"Five Dialogs with Vasily Vasiliev,"
"Glock: The Rise of Americas Gun,"
"Google Tag Manager для googлят: Руководство по управлению тегами,2018"
"How to Avoid Being Killed in a War Zone,2011"
"Juan Salvador Gaviota,"
"Lib.ru/Современная литература: Евпланов Андрей Яковлевич. Коллекционер,"
"Meeting an Old Friend,"
"My First Job in America,"
"My Friend Dodik,"
"My Jewish Education,"
"P-51 Mustang,2000"
"Ragnars Urban Survival,2000"
"RFC 1918. Распределение адресов в частных IP-сетях,"
"Short Stories From Hogwarts of Power, Politics and Pesky Poltergeists,2016"
"SS,"
"Stay Alive: The Best Knives and Top Tools for Survival,2012"
"The Art of the Kill,1993"
"The Book of Lists,2009"
"The Twilight Saga: The Official Illustrated Guide,2011"
"Tribute to My Weakening Memory,"
"Visit Sunny Chernobyl: And Other Adventures in the Worlds Most Polluted Places,2012"
"Weasels Luck,2005"
"Where Is Koba?,"
"Zvezdnyiy_volk_15_-_Bitva_za_imperiyu,"
"Zvezdnyiy_volk_16_-_Synovya_zvezdnogo_volka,"
"Zvezdnyiy_volk_17_-_Voyna_s_zitadelyamy,"
"Zvezdnyiy_volk_18_-_Terroristy_Kosmosa,"
